<?xml version="1.0" encoding="UTF-8"?>
<osis xmlns="http://www.bibletechnologies.net/2003/OSIS/namespace" xmlns:xsi="http://www.w3.org/2001/XMLSchema-instance" xsi:schemaLocation="http://www.bibletechnologies.net/2003/OSIS/namespace http://www.bibletechnologies.net/osisCore.2.1.1.xsd">
  <osisText xml:lang="he" osisIDWork="OSHB" osisRefWork="Bible">
    <header>
      <revisionDesc resp="dt">
        <date>2018.1.5</date>
        <p>Release of full morphology</p>
      </revisionDesc>
      <revisionDesc resp="dt">
        <date>2016.03.03</date>
        <p>Updated to WLC version 4.20.</p>
      </revisionDesc>
      <revisionDesc resp="dt">
        <date>2013.12.11</date>
        <p>First release of morphology on selected portions.</p>
      </revisionDesc>
      <revisionDesc resp="dt">
        <date>2013.07.10</date>
        <p>Updated to WLC version 4.18.</p>
      </revisionDesc>
      <revisionDesc resp="dt">
        <date>2012.07.18</date>
        <p>Updated to WLC version 4.16.</p>
      </revisionDesc>
      <revisionDesc resp="dt">
        <date>2011.01.21</date>
        <p>Updated to WLC version 4.14.</p>
      </revisionDesc>
      <revisionDesc resp="dt">
        <date>2008.08.08</date>
        <p>Convert the Westminster Leningrad Codex files from TEI markup to OSIS book files.</p>
      </revisionDesc>
      <work osisWork="OSHB" xml:lang="he">
        <title>Open Scriptures Hebrew Bible</title>
        <contributor role="edt">Daniel Owens</contributor>
        <contributor role="edt">David Troidl</contributor>
        <date>2007.9.16</date>
        <identifier type="URL">https://github.com/openscriptures/morphhb</identifier>
        <rights type="x-BY">Creative Commons Attribution 4.0</rights>
        <refSystem>Bible.MT</refSystem>
      </work>
      <work osisWork="WLC" xml:lang="he">
        <title>Westminster Leningrad Codex</title>
        <contributor role="edt">Christopher V. Kimball</contributor>
        <date>2007.9.16</date>
        <identifier type="URL">http://www.tanach.us/Tanach.xml</identifier>
        <rights>Public Domain</rights>
        <refSystem>Bible.MT</refSystem>
      </work>
      <work osisWork="BHS" xml:lang="he">
        <title>BHS unaccented with Strongs</title>
        <contributor role="edt">Joseph Planeta</contributor>
        <contributor role="edt">Rev. Graham Nind</contributor>
        <description>Unaccented Biblia Hebraica Stuttgartensia Hebrew with Strong's numbers by Rev. Graham.</description>
        <identifier type="URL">http://www.faithofgod.net/</identifier>
        <identifier type="URL">http://www.grahamnind.dsl.pipex.com/files</identifier>
        <rights>Public Domain</rights>
      </work>
      <work osisWork="Strong" xml:lang="en">
        <title>A Concise Dictionary of the Words in the Hebrew Bible</title>
        <title type="sub">with their Renderings in the King James Version</title>
        <contributor role="edt">David Troidl</contributor>
        <contributor role="edt">David Instone-Brewer</contributor>
        <creator role="edt">James Strong, LL.D., S.T.D.</creator>
        <date>1894</date>
        <description resp="dib">The data came from several PD sources which were full of errors. I cleaned them by comparing them to each other and (where necessary) looking at the original.</description>
        <publisher>Hunt &amp; Eaton</publisher>
        <identifier type="URL">www.2LetterLookup.com</identifier>
        <source>The exhaustive concordance of the Bible:</source>
        <rights>Public Domain</rights>
        <refSystem>Dict.Strongs</refSystem>
      </work>
      <work osisWork="OSHM" xml:lang="en">
        <title>Open Scriptures Hebrew Morphology</title>
        <contributor role="ctb">Chapel Presson</contributor>
        <contributor role="ctb">Daniel Owens</contributor>
        <contributor role="ctb">David Troidl</contributor>
        <contributor role="ctb">Jesse Griffin</contributor>
        <contributor role="ctb">Andy Hubert</contributor>
        <contributor role="ctb">Angela Westmoreland</contributor>
        <contributor role="ctb">Grant Ailie</contributor>
        <contributor role="ctb">Joel Ruark</contributor>
        <contributor role="ctb">Kenny Hilliard</contributor>
        <contributor role="ctb">Luong Hao Tran</contributor>
        <contributor role="ctb">Nathan Wilson</contributor>
        <contributor role="ctb">Ryan Davis</contributor>
        <contributor role="ctb">Aaron Laws</contributor>
        <contributor role="ctb">Adam Nagelvoort</contributor>
        <contributor role="ctb">Adriel Ickler</contributor>
        <contributor role="ctb">Agus Santoso</contributor>
        <contributor role="ctb">Andy Hophd</contributor>
        <contributor role="ctb">Angelo Salais</contributor>
        <contributor role="ctb">Annie Jeong</contributor>
        <contributor role="ctb">Ariel Tidre Ferreira</contributor>
        <contributor role="ctb">Artsiom Vorsa</contributor>
        <contributor role="ctb">artyom vorsa</contributor>
        <contributor role="ctb">Ashley Whitlatch</contributor>
        <contributor role="ctb">Austen Dutton</contributor>
        <contributor role="ctb">Barry Smith</contributor>
        <contributor role="ctb">Ben Dwyer</contributor>
        <contributor role="ctb">Ben Wulpi</contributor>
        <contributor role="ctb">Benjamin Epstein</contributor>
        <contributor role="ctb">Bill Chaffin</contributor>
        <contributor role="ctb">Braxton Bogard</contributor>
        <contributor role="ctb">Bret Stewart</contributor>
        <contributor role="ctb">Bruce Taylor</contributor>
        <contributor role="ctb">Bryant Huang</contributor>
        <contributor role="ctb">Caleb Maclennan</contributor>
        <contributor role="ctb">chad buel</contributor>
        <contributor role="ctb">Chase Parkey</contributor>
        <contributor role="ctb">Cheryl Riddell</contributor>
        <contributor role="ctb">Chris McKirgan</contributor>
        <contributor role="ctb">Christof  Bucherer</contributor>
        <contributor role="ctb">ciro izzo</contributor>
        <contributor role="ctb">Clemens Gudenus</contributor>
        <contributor role="ctb">Cody Kingham</contributor>
        <contributor role="ctb">Cody Marceau</contributor>
        <contributor role="ctb">Collin Hatcher</contributor>
        <contributor role="ctb">Connie Andrews</contributor>
        <contributor role="ctb">Damien Riegel</contributor>
        <contributor role="ctb">Dan Simmons</contributor>
        <contributor role="ctb">Daniel Bowman</contributor>
        <contributor role="ctb">Danielle Pamela</contributor>
        <contributor role="ctb">Darla Nine</contributor>
        <contributor role="ctb">Darrell Smith</contributor>
        <contributor role="ctb">Dave Jones</contributor>
        <contributor role="ctb">Dave Whitman</contributor>
        <contributor role="ctb">David Carr</contributor>
        <contributor role="ctb">David Cohen</contributor>
        <contributor role="ctb">David Laycock</contributor>
        <contributor role="ctb">David Lewis</contributor>
        <contributor role="ctb">David Roth</contributor>
        <contributor role="ctb">David Uhrik</contributor>
        <contributor role="ctb">Diana Zhang</contributor>
        <contributor role="ctb">Diego Chaves</contributor>
        <contributor role="ctb">Dmitriy Kashelevskiy</contributor>
        <contributor role="ctb">doug hendren</contributor>
        <contributor role="ctb">Eddy Yates</contributor>
        <contributor role="ctb">Edgar Vorsa</contributor>
        <contributor role="ctb">Eduardo Martorano</contributor>
        <contributor role="ctb">Eiichi  Masuda </contributor>
        <contributor role="ctb">Eliezer Abreu</contributor>
        <contributor role="ctb">Eric Wong</contributor>
        <contributor role="ctb">Esther Dang</contributor>
        <contributor role="ctb">Ferenczi Kristof</contributor>
        <contributor role="ctb">Flavio Souza</contributor>
        <contributor role="ctb">Frederick Edelstein</contributor>
        <contributor role="ctb">Gantumur Luvsangombo</contributor>
        <contributor role="ctb">Gary Rickman</contributor>
        <contributor role="ctb">Geert Kok</contributor>
        <contributor role="ctb">Gerald Broadbent</contributor>
        <contributor role="ctb">Gergely Juhasz</contributor>
        <contributor role="ctb">Giancarlos Toro</contributor>
        <contributor role="ctb">Greg Walton</contributor>
        <contributor role="ctb">Hamidreza Hatamikasavand</contributor>
        <contributor role="ctb">Hector Molano</contributor>
        <contributor role="ctb">Hermanus Taute</contributor>
        <contributor role="ctb">hermon chan</contributor>
        <contributor role="ctb">Hyman Robles</contributor>
        <contributor role="ctb">Hyunsoo Yang</contributor>
        <contributor role="ctb">inhyuk lee</contributor>
        <contributor role="ctb">Israel Andrade</contributor>
        <contributor role="ctb">Israel Ruiz</contributor>
        <contributor role="ctb">Jack Weinbender</contributor>
        <contributor role="ctb">JaiHee Kwak</contributor>
        <contributor role="ctb">James Bejon</contributor>
        <contributor role="ctb">James Castell</contributor>
        <contributor role="ctb">James Cuenod</contributor>
        <contributor role="ctb">James Duguid</contributor>
        <contributor role="ctb">Jean veran</contributor>
        <contributor role="ctb">JeanJacques KRIEF</contributor>
        <contributor role="ctb">Jeff Goo</contributor>
        <contributor role="ctb">Jeong Jae Yoo</contributor>
        <contributor role="ctb">Jeremiah Myers</contributor>
        <contributor role="ctb">Jeremy Bullard</contributor>
        <contributor role="ctb">jessica jones</contributor>
        <contributor role="ctb">Jiri Richter</contributor>
        <contributor role="ctb">Joao Luis Fedel Goncalves</contributor>
        <contributor role="ctb">Joel Peeters</contributor>
        <contributor role="ctb">Joel Rubin</contributor>
        <contributor role="ctb">john knightley</contributor>
        <contributor role="ctb">John Mellison</contributor>
        <contributor role="ctb">John Studebaker</contributor>
        <contributor role="ctb">jonatas margiotta</contributor>
        <contributor role="ctb">Jonathan Walsh</contributor>
        <contributor role="ctb">jony clynn</contributor>
        <contributor role="ctb">Jose Martinez</contributor>
        <contributor role="ctb">joseph lee</contributor>
        <contributor role="ctb">Joseph Li</contributor>
        <contributor role="ctb">Joseph MICHEL</contributor>
        <contributor role="ctb">Judy Hendren</contributor>
        <contributor role="ctb">Julia Tang</contributor>
        <contributor role="ctb">Justin So</contributor>
        <contributor role="ctb">Juswaldy Jusman</contributor>
        <contributor role="ctb">Kap Soo LEE</contributor>
        <contributor role="ctb">Kara Bohall</contributor>
        <contributor role="ctb">Karel Jongeling</contributor>
        <contributor role="ctb">Kathy Scott</contributor>
        <contributor role="ctb">Keanan Bovie</contributor>
        <contributor role="ctb">Keith Hanson</contributor>
        <contributor role="ctb">Keith Kresge</contributor>
        <contributor role="ctb">Kevin Andersson</contributor>
        <contributor role="ctb">Kevin Johanson</contributor>
        <contributor role="ctb">Kevin Townsend</contributor>
        <contributor role="ctb">Kiriana Kingston</contributor>
        <contributor role="ctb">Laurentiu Gabriel Ionescu</contributor>
        <contributor role="ctb">LEE Arrington</contributor>
        <contributor role="ctb">Lee Bruckner</contributor>
        <contributor role="ctb">Len Clark</contributor>
        <contributor role="ctb">Leng Xiong</contributor>
        <contributor role="ctb">LENO VICTOR DE SANTANA</contributor>
        <contributor role="ctb">libor neuman</contributor>
        <contributor role="ctb">lisa lisa</contributor>
        <contributor role="ctb">M Cecil Dietz</contributor>
        <contributor role="ctb">Malkalain Greenwell</contributor>
        <contributor role="ctb">Marc Cordova</contributor>
        <contributor role="ctb">Marfeal Santiago</contributor>
        <contributor role="ctb">Marianne Szpilka</contributor>
        <contributor role="ctb">Martin Daly</contributor>
        <contributor role="ctb">Matan Bino</contributor>
        <contributor role="ctb">Matthew Schug</contributor>
        <contributor role="ctb">Max Pilo</contributor>
        <contributor role="ctb">Micahel Leong</contributor>
        <contributor role="ctb">Michael Fenn</contributor>
        <contributor role="ctb">Michael Nicholson</contributor>
        <contributor role="ctb">Miguel SANTOS</contributor>
        <contributor role="ctb">Mike Brown</contributor>
        <contributor role="ctb">mike fenn</contributor>
        <contributor role="ctb">mirlande amazan</contributor>
        <contributor role="ctb">Moongui Ulbrich</contributor>
        <contributor role="ctb">Napoleon Gasilan</contributor>
        <contributor role="ctb">Natashia Roy</contributor>
        <contributor role="ctb">Nathan Bierma</contributor>
        <contributor role="ctb">Nathan Lee</contributor>
        <contributor role="ctb">Nathan Wilson</contributor>
        <contributor role="ctb">Neil Cadman</contributor>
        <contributor role="ctb">Okyob Jeon</contributor>
        <contributor role="ctb">omer omer</contributor>
        <contributor role="ctb">Onur Yos</contributor>
        <contributor role="ctb">Paul Cook</contributor>
        <contributor role="ctb">Pete Myers</contributor>
        <contributor role="ctb">pete Norcross</contributor>
        <contributor role="ctb">Peter Erdodi</contributor>
        <contributor role="ctb">Peter Ho</contributor>
        <contributor role="ctb">peter zimonyi</contributor>
        <contributor role="ctb">Petr Miencil</contributor>
        <contributor role="ctb">Petr Vejmelka</contributor>
        <contributor role="ctb">phyl ma</contributor>
        <contributor role="ctb">ralph zak</contributor>
        <contributor role="ctb">Ramos Simanjuntak</contributor>
        <contributor role="ctb">Rebeca Martinez</contributor>
        <contributor role="ctb">Regina Hong</contributor>
        <contributor role="ctb">Rendhi Vianirio</contributor>
        <contributor role="ctb">Ricardo  Luiz Pinto</contributor>
        <contributor role="ctb">Richard Baker</contributor>
        <contributor role="ctb">Robert Berger</contributor>
        <contributor role="ctb">Robert Holmstedt</contributor>
        <contributor role="ctb">robert saunders</contributor>
        <contributor role="ctb">Roberta Potgieter</contributor>
        <contributor role="ctb">rocket fortyfive</contributor>
        <contributor role="ctb">Rodrigo Castro</contributor>
        <contributor role="ctb">Ross Tenneson</contributor>
        <contributor role="ctb">Ruairidh MacLean</contributor>
        <contributor role="ctb">Ruben Kraiem</contributor>
        <contributor role="ctb">Sebastien GOEURY</contributor>
        <contributor role="ctb">Shane Pimental</contributor>
        <contributor role="ctb">Sharon Hamel</contributor>
        <contributor role="ctb">Shawn Goodwin</contributor>
        <contributor role="ctb">shukai cheung</contributor>
        <contributor role="ctb">Siew GuoFen</contributor>
        <contributor role="ctb">silas army</contributor>
        <contributor role="ctb">Simon Pan</contributor>
        <contributor role="ctb">Sir Robert Burbridge</contributor>
        <contributor role="ctb">Soliman Hanna</contributor>
        <contributor role="ctb">Spyros Karalis</contributor>
        <contributor role="ctb">Stephen Durkee</contributor>
        <contributor role="ctb">Steve Beukema</contributor>
        <contributor role="ctb">SunGyo Kim</contributor>
        <contributor role="ctb">Talia  Smith</contributor>
        <contributor role="ctb">Thien Tran</contributor>
        <contributor role="ctb">Thierry Tchiakpe</contributor>
        <contributor role="ctb">tiago thorlby</contributor>
        <contributor role="ctb">Timothy Keiderling</contributor>
        <contributor role="ctb">timothy yeh</contributor>
        <contributor role="ctb">Todd Patterson</contributor>
        <contributor role="ctb">Toe Set</contributor>
        <contributor role="ctb">Tomas Uher</contributor>
        <contributor role="ctb">Troy Nelson</contributor>
        <contributor role="ctb">uriel arevalo</contributor>
        <contributor role="ctb">Vanda Bayer</contributor>
        <contributor role="ctb">Vladimir Polyanskia</contributor>
        <contributor role="ctb">w s</contributor>
        <contributor role="ctb">Wally Kimball</contributor>
        <contributor role="ctb">walt seevers</contributor>
        <contributor role="ctb">Wattanavadee Jitpakdee</contributor>
        <contributor role="ctb">Wayne Buchanan</contributor>
        <contributor role="ctb">Wellington Machado</contributor>
        <contributor role="ctb">Wendy Kwan</contributor>
        <contributor role="ctb">Wesley Walker</contributor>
        <contributor role="ctb">William Pak</contributor>
        <contributor role="ctb">william stewart</contributor>
        <contributor role="ctb">Xi Li</contributor>
        <contributor role="ctb">yasu shimizu</contributor>
        <contributor role="ctb">Yoo sung  Chang</contributor>
        <contributor role="ctb">zac rigsby</contributor>
        <contributor role="ctb">Zack Vera</contributor>
        <contributor role="ctb">zhishi Lin</contributor>
        <contributor role="ctb">Zsolt Jarai</contributor>
        <creator role="edt">Open Scriptures Hebrew Bible Project</creator>
        <date>2019.1.13</date>
        <identifier type="URL">https://github.com/openscriptures/morphhb</identifier>
        <rights type="x-BY">Creative Commons Attribution 4.0</rights>
        <refSystem>Dict.oshm</refSystem>
      </work>
      <workPrefix path="//w/@lemma" osisWork="Strong"/>
      <workPrefix path="//w/@morph" osisWork="OSHM"/>
    </header>
    <div type="book" osisID="Hab">
      <chapter osisID="Hab.1">
        <verse osisID="Hab.1.1">
          <w lemma="d/4853 b" n="0.1.0" morph="HTd/Ncmsa" id="35xeN">הַ/מַּשָׂא֙</w>
          <note n="C">We read one or more accents in L differently from BHQ. </note>
          <note n="Q">Marks a place where we agree with BHQ against BHS in reading L. </note>
          <note n="n">Marks an anomalous form. </note>
          <note n="p">We read punctuation in L differently from BHS. </note>
          <w lemma="834 a" morph="HTr" id="35Nvk">אֲשֶׁ֣ר</w>
          <w lemma="2372" n="0.1" morph="HVqp3ms" id="35TyA">חָזָ֔ה</w>
          <w lemma="2265" n="0.0" morph="HNp" id="35vuQ">חֲבַקּ֖וּק</w>
          <w lemma="d/5030" n="0" morph="HTd/Ncmsa" id="35TSc">הַ/נָּבִֽיא</w><seg type="x-sof-pasuq">׃</seg>
        </verse>
        <verse osisID="Hab.1.2">
          <w lemma="5704" morph="HR" id="35k5P">עַד</w><seg type="x-maqqef">־</seg><w lemma="575" morph="HD" id="35nPh">אָ֧נָה</w>
          <w lemma="3068" n="1.0.0" morph="HNp" id="35LN3">יְהוָ֛ה</w>
          <w lemma="7768" n="1.0" morph="HVpp1cs" id="35Qzf">שִׁוַּ֖עְתִּי</w>
          <w lemma="c/3808" morph="HC/Tn" id="35aPd">וְ/לֹ֣א</w>
          <w lemma="8085" n="1" morph="HVqi2ms" id="35eYX">תִשְׁמָ֑ע</w>
          <w lemma="2199" morph="HVqi1cs" id="35C5U">אֶזְעַ֥ק</w>
          <w lemma="413" n="0.0.0" morph="HR/Sp2ms" id="35qNN">אֵלֶ֛י/ךָ</w>
          <w lemma="2555" n="0.0" morph="HNcmsa" id="35EVS">חָמָ֖ס</w>
          <w lemma="c/3808" morph="HC/Tn" id="35PB6">וְ/לֹ֥א</w>
          <w lemma="3467" n="0" morph="HVhi2ms" id="3537c">תוֹשִֽׁיעַ</w><seg type="x-sof-pasuq">׃</seg>
        </verse>
        <verse osisID="Hab.1.3">
          <w lemma="l/4100" morph="HR/Ti" id="35x9c">לָ֣/מָּה</w>
          <w lemma="7200" morph="HVhi2ms/Sp1cs" id="35yNB">תַרְאֵ֤/נִי</w>
          <w lemma="205" n="1.1.0" morph="HNcmsa" id="3529t">אָ֨וֶן֙</w>
          <w lemma="c/5999" morph="HC/Ncbsa" id="35KZG">וְ/עָמָ֣ל</w>
          <w lemma="5027" n="1.1" morph="HVhi2ms" id="35TZE">תַּבִּ֔יט</w>
          <w lemma="c/7701" morph="HC/Ncmsa" id="35thY">וְ/שֹׁ֥ד</w>
          <w lemma="c/2555" n="1.0" morph="HC/Ncmsa" id="35JM7">וְ/חָמָ֖ס</w>
          <w lemma="l/5048" n="1" morph="HR/R/Sp1cs" id="35fpo">לְ/נֶגְדִּ֑/י</w>
          <w lemma="c/1961" morph="HC/Vqw3ms" id="35W26">וַ/יְהִ֧י</w>
          <w lemma="7379" morph="HNcbsa" id="35yw4">רִ֦יב</w>
          <w lemma="c/4066" n="0.0" morph="HC/Ncmsa" id="35jbg">וּ/מָד֖וֹן</w>
          <w lemma="5375" n="0" morph="HVqi3ms" id="35USR">יִשָּֽׂא</w><seg type="x-sof-pasuq">׃</seg>
        </verse>
        <verse osisID="Hab.1.4">
          <w lemma="5921 a" morph="HR" id="35v6U">עַל</w><seg type="x-maqqef">־</seg><w lemma="3651 c" n="1.1.0" morph="HTm" id="355SS">כֵּן֙</w>
          <w lemma="6313" morph="HVqi3fs" id="35GzE">תָּפ֣וּג</w>
          <w lemma="8451" n="1.1" morph="HNcfsa" id="35qCU">תּוֹרָ֔ה</w>
          <w lemma="c/3808" morph="HC/Tn" id="35g2y">וְ/לֹֽא</w><seg type="x-maqqef">־</seg><w lemma="3318" morph="HVqi3ms" id="35jQb">יֵצֵ֥א</w>
          <w lemma="l/5331" n="1.0" morph="HR/Ncmsa" id="35794">לָ/נֶ֖צַח</w>
          <w lemma="4941" n="1" morph="HNcmsa" id="35CsU">מִשְׁפָּ֑ט</w>
          <w lemma="3588 a" morph="HC" id="35XR4">כִּ֤י</w>
          <w lemma="7563" n="0.1.0" morph="HAamsa" id="35KvS">רָשָׁע֙</w>
          <w lemma="3803" morph="HVhrmsa" id="35dBc">מַכְתִּ֣יר</w>
          <w lemma="853" morph="HTo" id="35nAB">אֶת</w><seg type="x-maqqef">־</seg><w lemma="d/6662" n="0.1" morph="HTd/Aamsa" id="35kfX">הַ/צַּדִּ֔יק</w>
          <w lemma="5921 a" morph="HR" id="35Wkf">עַל</w><seg type="x-maqqef">־</seg><w lemma="3651 c" n="0.0.0" morph="HTm" id="35wrL">כֵּ֛ן</w>
          <w lemma="3318" morph="HVqi3ms" id="353TL">יֵצֵ֥א</w>
          <w lemma="4941" n="0.0" morph="HNcmsa" id="35LeN">מִשְׁפָּ֖ט</w>
          <w lemma="6127" n="0" morph="HVPsmsa" id="35sMn">מְעֻקָּֽל</w><seg type="x-sof-pasuq">׃</seg>
        </verse>
        <verse osisID="Hab.1.5">
          <w lemma="7200" morph="HVqv2mp" id="35Y3z">רְא֤וּ</w>
          <w lemma="b/1471 a" n="1.1.0" morph="HRd/Ncmpa" id="35NQN">בַ/גּוֹיִם֙</w>
          <w lemma="c/5027" n="1.1" morph="HC/Vhv2mp" id="35uLf">וְֽ/הַבִּ֔יטוּ</w>
          <w lemma="c/8539" n="1.0" morph="HC/Vtv2mp" id="35kA7">וְ/הִֽתַּמְּה֖וּ</w>
          <w lemma="8539" n="1" morph="HVqv2mp" id="353TS">תְּמָ֑הוּ</w>
          <w lemma="3588 a" morph="HC" id="35NFp">כִּי</w><seg type="x-maqqef">־</seg><w lemma="6467" n="0.1.0" morph="HNcmsa" id="357am">פֹ֨עַל֙</w>
          <w lemma="6466" morph="HVqrmsa" id="35hh7">פֹּעֵ֣ל</w>
          <w lemma="b/3117" n="0.1" morph="HR/Ncmpc/Sp2mp" id="35BsK">בִּֽ/ימֵי/כֶ֔ם</w>
          <w lemma="3808" morph="HTn" id="35fsu">לֹ֥א</w>
          <w lemma="539" n="0.0" morph="HVhi2mp" id="358M6">תַאֲמִ֖ינוּ</w>
          <w lemma="3588 a" morph="HC" id="35wM5">כִּ֥י</w>
          <w lemma="5608 a" n="0" morph="HVPi3ms" id="35qty">יְסֻפָּֽר</w><seg type="x-sof-pasuq">׃</seg>
        </verse>
        <verse osisID="Hab.1.6">
          <w lemma="3588 a" morph="HC" id="355gQ">כִּֽי</w><seg type="x-maqqef">־</seg><w lemma="2005" morph="HTm/Sp1cs" id="35Xw6">הִנְ/נִ֤י</w>
          <w lemma="6965 b" n="1.1.0" morph="HVhrmsa" id="35eHJ">מֵקִים֙</w>
          <w lemma="853" morph="HTo" id="35H6L">אֶת</w><seg type="x-maqqef">־</seg><w lemma="d/3778" n="1.1" morph="HTd/Np" id="35bmv">הַ/כַּשְׂדִּ֔ים</w>
          <w lemma="d/1471 a" n="1.0" morph="HTd/Ncmsa" id="35FV9">הַ/גּ֖וֹי</w>
          <w lemma="d/4751" morph="HTd/Aamsa" id="35Xm1">הַ/מַּ֣ר</w>
          <w lemma="c/d/4116 a" n="1" morph="HC/Td/VNrmsa" id="35UE6">וְ/הַ/נִּמְהָ֑ר</w>
          <w lemma="d/1980" n="0.1.0" morph="HTd/Vqrmsa" id="35goK">הַֽ/הוֹלֵךְ֙</w>
          <w lemma="l/4800" morph="HR/Ncmpc" id="35CyH">לְ/מֶרְחֲבֵי</w><seg type="x-maqqef">־</seg><w lemma="776" n="0.1" morph="HNcbsa" id="35A4a">אֶ֔רֶץ</w>
          <w lemma="l/3423" n="0.0" morph="HR/Vqc" id="355Pr">לָ/רֶ֖שֶׁת</w>
          <w lemma="4908" morph="HNcmpa" id="35L4k">מִשְׁכָּנ֥וֹת</w>
          <w lemma="3808" morph="HTn" id="35Mnv">לֹּא</w><seg type="x-maqqef">־</seg><w lemma="l" n="0" morph="HR/Sp3ms" id="35mwU">לֽ/וֹ</w><seg type="x-sof-pasuq">׃</seg>
        </verse>
        <verse osisID="Hab.1.7">
          <w lemma="366" morph="HAamsa" id="35tKT">אָיֹ֥ם</w>
          <w lemma="c/3372" n="1.0" morph="HC/VNrmsa" id="35NRT">וְ/נוֹרָ֖א</w>
          <w lemma="1931" n="1" morph="HPp3ms" id="35sRU">ה֑וּא</w>
          <w lemma="4480 a" n="0.1" morph="HR/Sp1cp" id="35Wxq">מִמֶּ֕/נּוּ</w>
          <w lemma="4941" morph="HNcmsc/Sp3ms" id="359qY">מִשְׁפָּט֥/וֹ</w>
          <w lemma="c/7613" n="0.0" morph="HC/Ncfsc/Sp3ms" id="35n5f">וּ/שְׂאֵת֖/וֹ</w>
          <w lemma="3318" n="0" morph="HVqi3ms" id="35YUq">יֵצֵֽא</w><seg type="x-sof-pasuq">׃</seg>
        </verse>
        <verse osisID="Hab.1.8">
          <w lemma="c/7043" morph="HC/Vqp3cp" id="35fQr">וְ/קַלּ֨וּ</w>
          <w lemma="m/5246" n="1.1.1.0" morph="HR/Ncmpa" id="35L7t">מִ/נְּמֵרִ֜ים</w>
          <w lemma="5483 b" n="1.1.1" morph="HNcmpc/Sp3ms" id="35A74">סוּסָ֗י/ו</w>
          <w lemma="c/2300 a" n="1.1.0" morph="HC/Vqp3cp" id="35dNE">וְ/חַדּוּ֙</w>
          <w lemma="m/2061" morph="HR/Ncmpc" id="35xdF">מִ/זְּאֵ֣בֵי</w>
          <w lemma="6153" n="1.1" morph="HNcmsa" id="35AYg">עֶ֔רֶב</w>
          <w lemma="c/6335 a" n="1.0" morph="HC/Vqp3cp" id="35Ls9">וּ/פָ֖שׁוּ</w>
          <w lemma="6571 b" n="1" morph="HNcmpc/Sp3ms" id="35Snp">פָּֽרָשָׁ֑י/ו</w>
          <w lemma="c/6571 b" n="0.2.0" morph="HC/Ncmpc/Sp3ms" id="3587B">וּ/פָֽרָשָׁי/ו֙</w>
          <w lemma="m/7350" morph="HR/Aamsa" id="35nLp">מֵ/רָח֣וֹק</w>
          <w lemma="935" n="0.2" morph="HVqi3mp" id="35PzC">יָבֹ֔אוּ</w>
          <w lemma="5774 a" n="0.1" morph="HVqi3mp" id="35NPq">יָעֻ֕פוּ</w>
          <w lemma="k/5404" n="0.0" morph="HR/Ncmsa" id="35d5m">כְּ/נֶ֖שֶׁר</w>
          <w lemma="2363 a" morph="HVqrmsa" id="35BYa">חָ֥שׁ</w>
          <w lemma="l/398" n="0" morph="HR/Vqc" id="35LJh">לֶ/אֱכֽוֹל</w><seg type="x-sof-pasuq">׃</seg>
        </verse>
        <verse osisID="Hab.1.9">
          <w lemma="3605" n="1.1.0" morph="HNcmsc/Sp3ms" id="35tRR">כֻּלֹּ/ה֙</w>
          <w lemma="l/2555" morph="HR/Ncmsa" id="35Q7E">לְ/חָמָ֣ס</w>
          <w lemma="935" n="1.1" morph="HVqi3ms" id="35dv1">יָב֔וֹא</w>
          <w lemma="4041" morph="HNcfsc" id="35QwM">מְגַמַּ֥ת</w>
          <w lemma="6440" n="1.0" morph="HNcbpc/Sp3mp" id="35a62">פְּנֵי/הֶ֖ם</w>
          <w lemma="6921" n="1" morph="HNcmsa/Sd" id="35KvD">קָדִ֑ימָ/ה</w>
          <w lemma="c/622" morph="HC/Vqw3ms" id="35GLz">וַ/יֶּאֱסֹ֥ף</w>
          <w lemma="k/2344" n="0.0" morph="HRd/Ncmsa" id="35BU7">כַּ/ח֖וֹל</w>
          <w lemma="7628 a" n="0" morph="HNcbsa" id="35iy2">שֶֽׁבִי</w><seg type="x-sof-pasuq">׃</seg>
        </verse>
        <verse osisID="Hab.1.10">
          <w lemma="c/1931" n="1.1.0" morph="HC/Pp3ms" id="35zQ2">וְ/הוּא֙</w>
          <w lemma="b/4428" morph="HRd/Ncmpa" id="35Wxx">בַּ/מְּלָכִ֣ים</w>
          <w lemma="7046" n="1.1" morph="HVti3ms" id="35jQ8">יִתְקַלָּ֔ס</w>
          <w lemma="c/7336" n="1.0" morph="HC/Vqrmpa" id="35Haa">וְ/רֹזְנִ֖ים</w>
          <w lemma="4890" morph="HNcmsa" id="35fJN">מִשְׂחָ֣ק</w>
          <w lemma="l" n="1" morph="HR/Sp3ms" id="359KV">ל֑/וֹ</w>
          <w lemma="1931" n="0.1.0" morph="HPp3ms" id="35F1s">ה֚וּא</w>
          <w lemma="l/3605" morph="HR/Ncmsc" id="35dns">לְ/כָל</w><seg type="x-maqqef">־</seg><w lemma="4013" morph="HNcmsa" id="35GK3">מִבְצָ֣ר</w>
          <w lemma="7832" n="0.1" morph="HVqi3ms" id="35nRZ">יִשְׂחָ֔ק</w>
          <w lemma="c/6651" morph="HC/Vqw3ms" id="35cpb">וַ/יִּצְבֹּ֥ר</w>
          <w lemma="6083" n="0.0" morph="HNcmsa" id="35zio">עָפָ֖ר</w>
          <w lemma="c/3920" n="0" morph="HC/Vqw3ms/Sp3fs" id="35Qsh">וַֽ/יִּלְכְּדָֽ/הּ</w><seg type="x-sof-pasuq">׃</seg>
        </verse>
        <verse osisID="Hab.1.11">
          <w lemma="227 a" morph="HD" id="35zTj">אָ֣ז</w>
          <w lemma="2498" morph="HVqp3ms" id="35fPi">חָלַ֥ף</w>
          <w lemma="7307" n="1.0.0" morph="HNcbsa" id="35GYe">ר֛וּחַ</w>
          <w lemma="c/5674 a" n="1.0" morph="HC/Vqw3ms" id="35Bbz">וַֽ/יַּעֲבֹ֖ר</w>
          <w lemma="c/816" n="1" morph="HC/Vqp3ms" id="35VA9">וְ/אָשֵׁ֑ם</w>
          <w lemma="2098" morph="HTr" id="35fV3">ז֥וּ</w>
          <w lemma="3581 b" n="0.0" morph="HNcmsc/Sp3ms" id="35Sov">כֹח֖/וֹ</w>
          <w lemma="l/430" n="0" morph="HR/Ncmsc/Sp3ms" id="35V27">לֵ/אלֹהֽ/וֹ</w><seg type="x-sof-pasuq">׃</seg>
        </verse>
        <verse osisID="Hab.1.12">
          <w lemma="i/3808" morph="HTi/Tn" id="35ifp">הֲ/ל֧וֹא</w>
          <w lemma="859 a" morph="HPp2ms" id="357ZG">אַתָּ֣ה</w>
          <w lemma="m/6924 a" n="1.0.1" morph="HR/Ncmsa" id="35B2d">מִ/קֶּ֗דֶם</w>
          <w lemma="3068" morph="HNp" id="35ewe">יְהוָ֧ה</w>
          <w lemma="430" n="1.0.0" morph="HNcmpc/Sp1cs" id="35SV6">אֱלֹהַ֛/י</w>
          <w lemma="6918" n="1.0" morph="HAamsc/Sp1cs" id="35G83">קְדֹשִׁ֖/י</w>
          <w lemma="3808" morph="HTn" id="35vzS">לֹ֣א</w>
          <w lemma="4191" n="1" morph="HVqi1cp" id="35Gq9">נָמ֑וּת</w>
          <w lemma="3068" n="0.1.0" morph="HNp" id="353y8">יְהוָה֙</w>
          <w lemma="l/4941" morph="HR/Ncmsa" id="35TXw">לְ/מִשְׁפָּ֣ט</w>
          <w lemma="7760 a" n="0.1" morph="HVqp2ms/Sp3ms" id="35Y4K">שַׂמְתּ֔/וֹ</w>
          <w lemma="c/6697" n="0.0" morph="HC/Ncmsa" id="35C32">וְ/צ֖וּר</w>
          <w lemma="l/3198" morph="HR/Vhc" id="35aMT">לְ/הוֹכִ֥יחַ</w>
          <w lemma="3245" n="0" morph="HVqp2ms/Sp3ms" id="35Cof">יְסַדְתּֽ/וֹ</w><seg type="x-sof-pasuq">׃</seg>
        </verse>
        <verse osisID="Hab.1.13">
          <w lemma="2890" morph="HAamsc" id="35YWU">טְה֤וֹר</w>
          <w lemma="5869 a" n="1.1.0" morph="HNcbda" id="35rAQ">עֵינַ֨יִם֙</w>
          <w lemma="m/7200" morph="HR/Vqc" id="35fLi">מֵ/רְא֣וֹת</w>
          <w lemma="7451 a" n="1.1" morph="HAamsa" id="35Ptj">רָ֔ע</w>
          <w lemma="c/5027" morph="HC/Vhc" id="35AJj">וְ/הַבִּ֥יט</w>
          <w lemma="413" morph="HR" id="359Hv">אֶל</w><seg type="x-maqqef">־</seg><w lemma="5999" n="1.0" morph="HNcbsa" id="35j1i">עָמָ֖ל</w>
          <w lemma="3808" morph="HTn" id="35J9J">לֹ֣א</w>
          <w lemma="3201" n="1" morph="HVqi2ms" id="35U4n">תוּכָ֑ל</w>
          <w lemma="l/4100" morph="HR/Ti" id="352Kt">לָ֤/מָּה</w>
          <w lemma="5027" n="0.2.0" morph="HVhi2ms" id="35RmH">תַבִּיט֙</w>
          <w lemma="898" n="0.2" morph="HVqrmpa" id="35SWL">בּֽוֹגְדִ֔ים</w>
          <w lemma="2790 b" n="0.1" morph="HVhi2ms" id="3575P">תַּחֲרִ֕ישׁ</w>
          <w lemma="b/1104" morph="HR/Vpc" id="353Lj">בְּ/בַלַּ֥ע</w>
          <w lemma="7563" n="0.0" morph="HAamsa" id="35Qa3">רָשָׁ֖ע</w>
          <w lemma="6662" morph="HAamsa" id="35WTe">צַדִּ֥יק</w>
          <w lemma="4480 a" n="0" morph="HR/Sp3ms" id="356VM">מִמֶּֽ/נּוּ</w><seg type="x-sof-pasuq">׃</seg>
        </verse>
        <verse osisID="Hab.1.14">
          <w lemma="c/6213 a" morph="HC/Vqw2ms" id="35sKn">וַ/תַּעֲשֶׂ֥ה</w>
          <w lemma="120" n="1.0" morph="HNcmsa" id="35oAj">אָדָ֖ם</w>
          <w lemma="k/1709" morph="HR/Ncmpc" id="35AxB">כִּ/דְגֵ֣י</w>
          <w lemma="d/3220" n="1" morph="HTd/Ncmsa" id="35Ap3">הַ/יָּ֑ם</w>
          <w lemma="k/7431" n="0.0" morph="HR/Ncmsa" id="35CEu">כְּ/רֶ֖מֶשׂ</w>
          <w lemma="3808" morph="HTn" id="35zpy">לֹא</w><seg type="x-maqqef">־</seg><w lemma="4910" morph="HVqrmsa" id="35FiN">מֹשֵׁ֥ל</w>
          <w lemma="b" n="0" morph="HR/Sp3ms" id="35cLk">בּֽ/וֹ</w><seg type="x-sof-pasuq">׃</seg>
        </verse>
        <verse osisID="Hab.1.15">
          <w lemma="3605" n="1.2.0" morph="HNcmsc/Sp3ms" id="3592v">כֻּלֹּ/ה֙</w>
          <w lemma="b/2443" morph="HR/Ncfsa" id="35j63">בְּ/חַכָּ֣ה</w>
          <w lemma="5927" n="1.2" morph="HVhp3ms" id="35LFW">הֵֽעֲלָ֔ה</w>
          <w lemma="1641" morph="HVqi3ms/Sp3ms" id="35FbT">יְגֹרֵ֣/הוּ</w>
          <w lemma="b/2764 b" n="1.1" morph="HR/Ncmsc/Sp3ms" id="35Bx7">בְ/חֶרְמ֔/וֹ</w>
          <w lemma="c/622" n="1.0" morph="HC/Vqi3ms/Sp3ms" id="35btu">וְ/יַאַסְפֵ֖/הוּ</w>
          <w lemma="b/4365 a" n="1" morph="HR/Ncfsc/Sp3ms" id="35rTK">בְּ/מִכְמַרְתּ֑/וֹ</w>
          <w lemma="5921 a" morph="HR" id="35SHw">עַל</w><seg type="x-maqqef">־</seg><w lemma="3651 c" n="0.0" morph="HTm" id="35VuH">כֵּ֖ן</w>
          <w lemma="8055" morph="HVqi3ms" id="35Axb">יִשְׂמַ֥ח</w>
          <w lemma="c/1523" n="0" morph="HC/Vqi3ms" id="35xva">וְ/יָגִֽיל</w><seg type="x-sof-pasuq">׃</seg>
        </verse>
        <verse osisID="Hab.1.16">
          <w lemma="5921 a" morph="HR" id="35NrT">עַל</w><seg type="x-maqqef">־</seg><w lemma="3651 c" n="1.1.0" morph="HTm" id="35iAD">כֵּן֙</w>
          <w lemma="2076" morph="HVpi3ms" id="35372">יְזַבֵּ֣חַ</w>
          <w lemma="l/2764 b" n="1.1" morph="HR/Ncmsc/Sp3ms" id="35FMU">לְ/חֶרְמ֔/וֹ</w>
          <w lemma="c/6999 a" n="1.0" morph="HC/Vpi3ms" id="35SaV">וִֽ/יקַטֵּ֖ר</w>
          <w lemma="l/4365 a" n="1" morph="HR/Ncfsc/Sp3ms" id="354W9">לְ/מִכְמַרְתּ֑/וֹ</w>
          <w lemma="3588 a" morph="HC" id="35MmM">כִּ֤י</w>
          <w lemma="b/1992" n="0.1.0" morph="HR/Pp3mp" id="35wJn">בָ/הֵ֨מָּה֙</w>
          <w lemma="8082" morph="HAamsa" id="35CQo">שָׁמֵ֣ן</w>
          <w lemma="2506 a" n="0.1" morph="HNcmsc/Sp3ms" id="35XyU">חֶלְק֔/וֹ</w>
          <w lemma="c/3978" n="0.0" morph="HC/Ncmsc/Sp3ms" id="35BG4">וּ/מַאֲכָל֖/וֹ</w>
          <w lemma="1277" n="0" morph="HAafsa" id="35YHH">בְּרִאָֽה</w><seg type="x-sof-pasuq">׃</seg>
        </verse>
        <verse osisID="Hab.1.17">
          <w lemma="i/5921 a" morph="HTi/R" id="35sHf">הַ֥/עַל</w>
          <w lemma="3651 c" n="1.0" morph="HTm" id="35iee">כֵּ֖ן</w>
          <w lemma="7324" morph="HVhi3ms" id="353eS">יָרִ֣יק</w>
          <w lemma="2764 b" n="1" morph="HNcmsc/Sp3ms" id="35ddd">חֶרְמ֑/וֹ</w>
          <w lemma="c/8548" n="0.0.0" morph="HC/Ncmsa" id="35hxo">וְ/תָמִ֛יד</w>
          <w lemma="l/2026" morph="HR/Vqc" id="35TW6">לַ/הֲרֹ֥ג</w>
          <w lemma="1471 a" n="0.0" morph="HNcmpa" id="35PVx">גּוֹיִ֖ם</w>
          <w lemma="3808" morph="HTn" id="35PGK">לֹ֥א</w>
          <w lemma="2550" n="0" morph="HVqi3ms" id="35U4a">יַחְמֽוֹל</w><seg type="x-sof-pasuq">׃</seg>
          <seg type="x-samekh">ס</seg>
        </verse>
      </chapter>
      <chapter osisID="Hab.2">
        <verse osisID="Hab.2.1">
          <w lemma="5921 a" morph="HR" id="35dSQ">עַל</w><seg type="x-maqqef">־</seg><w lemma="4931" morph="HNcfsc/Sp1cs" id="35Qbs">מִשְׁמַרְתִּ֣/י</w>
          <w lemma="5975" n="1.1" morph="HVqh1cs" id="35ndZ">אֶעֱמֹ֔דָה</w>
          <w lemma="c/3320" n="1.0" morph="HC/Vth1cs" id="35Xa1">וְ/אֶֽתְיַצְּבָ֖ה</w>
          <w lemma="5921 a" morph="HR" id="353yJ">עַל</w><seg type="x-maqqef">־</seg><w lemma="4692" n="1" morph="HNcmsa" id="35B6c">מָצ֑וֹר</w>
          <w lemma="c/6822" n="0.1.1" morph="HC/Vpi1cs" id="35bju">וַ/אֲצַפֶּ֗ה</w>
          <w lemma="l/7200" n="0.1.0" morph="HR/Vqc" id="35cn3">לִ/רְאוֹת֙</w>
          <w lemma="4100" morph="HTi" id="357mS">מַה</w><seg type="x-maqqef">־</seg><w lemma="1696" morph="HVpi3ms" id="35dJe">יְדַבֶּר</w><seg type="x-maqqef">־</seg><w lemma="b" n="0.1" morph="HR/Sp1cs" id="35WvG">בִּ֔/י</w>
          <w lemma="c/4100" morph="HC/Ti" id="35RXg">וּ/מָ֥ה</w>
          <w lemma="7725" n="0.0" morph="HVhi1cs" id="35pqY">אָשִׁ֖יב</w>
          <w lemma="5921 a" morph="HR" id="35n9v">עַל</w><seg type="x-maqqef">־</seg><w lemma="8433 b" n="0" morph="HNcfsc/Sp1cs" id="35gYe">תּוֹכַחְתִּֽ/י</w><seg type="x-sof-pasuq">׃</seg>
        </verse>
        <verse osisID="Hab.2.2">
          <w lemma="c/6030 b" morph="HC/Vqw3ms/Sp1cs" id="35eXj">וַ/יַּעֲנֵ֤/נִי</w>
          <w lemma="3068" n="1.2.0" morph="HNp" id="358ro">יְהוָה֙</w>
          <w lemma="c/559" n="1.2" morph="HC/Vqw3ms" id="35v5z">וַ/יֹּ֔אמֶר</w>
          <w lemma="3789" morph="HVqv2ms" id="35bCC">כְּת֣וֹב</w>
          <w lemma="2377" n="1.1" morph="HNcmsa" id="356By">חָז֔וֹן</w>
          <w lemma="c/874" n="1.0" morph="HC/Vpv2ms" id="35CZB">וּ/בָאֵ֖ר</w>
          <w lemma="5921 a" morph="HR" id="35VTb">עַל</w><seg type="x-maqqef">־</seg><w lemma="d/3871" n="1" morph="HTd/Ncmpa" id="356qf">הַ/לֻּח֑וֹת</w>
          <w lemma="4616" morph="HR" id="35efz">לְמַ֥עַן</w>
          <w lemma="7323" n="0.0" morph="HVqi3ms" id="35QG5">יָר֖וּץ</w>
          <w lemma="7121" morph="HVqrmsa" id="353k3">ק֥וֹרֵא</w>
          <w lemma="b" n="0" morph="HR/Sp3ms" id="351rL">בֽ/וֹ</w><seg type="x-sof-pasuq">׃</seg>
        </verse>
        <verse osisID="Hab.2.3">
          <w lemma="3588 a" morph="HC" id="35W2c">כִּ֣י</w>
          <w lemma="5750" morph="HD" id="35mL3">ע֤וֹד</w>
          <w lemma="2377" n="1.1.0" morph="HNcmsa" id="35zfc">חָזוֹן֙</w>
          <w lemma="l/4150" n="1.1" morph="HRd/Ncmsa" id="35sYp">לַ/מּוֹעֵ֔ד</w>
          <w lemma="c/6315" morph="HC/Vhi3ms" id="35GvF">וְ/יָפֵ֥חַ</w>
          <w lemma="l/7093" n="1.0" morph="HRd/Ncmsa" id="35dAC">לַ/קֵּ֖ץ</w>
          <w lemma="c/3808" morph="HC/Tn" id="35i4W">וְ/לֹ֣א</w>
          <w lemma="3576" n="1" morph="HVpi3ms" id="35chR">יְכַזֵּ֑ב</w>
          <w lemma="518 a" morph="HC" id="35Ddq">אִם</w><seg type="x-maqqef">־</seg><w lemma="4102" n="0.1.0" morph="HVfi3ms" id="35dSp">יִתְמַהְמָהּ֙</w>
          <w lemma="2442" morph="HVpv2ms" id="35ecS">חַכֵּה</w><seg type="x-maqqef">־</seg><w lemma="l" n="0.1" morph="HR/Sp3ms" id="352tG">ל֔/וֹ</w>
          <w lemma="3588 a" morph="HC" id="35Xzm">כִּֽי</w><seg type="x-maqqef">־</seg><w lemma="935" morph="HVqa" id="35CCj">בֹ֥א</w>
          <w lemma="935" n="0.0" morph="HVqi3ms" id="35gV8">יָבֹ֖א</w>
          <w lemma="3808" morph="HTn" id="35Czz">לֹ֥א</w>
          <w lemma="309" n="0" morph="HVpi3ms" id="35uXX">יְאַחֵֽר</w><seg type="x-sof-pasuq">׃</seg>
        </verse>
        <verse osisID="Hab.2.4">
          <w lemma="2009" morph="HTm" id="35xCL">הִנֵּ֣ה</w>
          <w lemma="6075 a" n="1.1" morph="HVPp3fs" id="35Qnr">עֻפְּלָ֔ה</w>
          <w lemma="3808" morph="HTn" id="356kU">לֹא</w><seg type="x-maqqef">־</seg><w lemma="3474" morph="HVqp3fs" id="35qry">יָשְׁרָ֥ה</w>
          <w lemma="5315" n="1.0" morph="HNcbsc/Sp3ms" id="35bvP">נַפְשׁ֖/וֹ</w>
          <w lemma="b" n="1" morph="HR/Sp3ms" id="35wjj">בּ֑/וֹ</w>
          <w lemma="c/6662" n="0.0" morph="HC/Aamsa" id="35Tn7">וְ/צַדִּ֖יק</w>
          <w lemma="b/530" morph="HR/Ncfsc/Sp3ms" id="35hEs">בֶּ/אֱמוּנָת֥/וֹ</w>
          <w lemma="2421" n="0" morph="HVqi3ms" id="35xAF">יִחְיֶֽה</w><seg type="x-sof-pasuq">׃</seg>
        </verse>
        <verse osisID="Hab.2.5">
          <w lemma="c/637" n="1.1.0" morph="HC/D" id="35qg1">וְ/אַף֙</w>
          <w lemma="3588 a" morph="HC" id="356w9">כִּֽי</w><seg type="x-maqqef">־</seg><w lemma="d/3196" morph="HTd/Ncmsa" id="35wA4">הַ/יַּ֣יִן</w>
          <w lemma="898" n="1.1" morph="HVqrmsa" id="35ibe">בּוֹגֵ֔ד</w>
          <w lemma="1397" morph="HNcmsa" id="35v8V">גֶּ֥בֶר</w>
          <w lemma="3093" n="1.0" morph="HAamsa" id="35T2S">יָהִ֖יר</w>
          <w lemma="c/3808" morph="HC/Tn" id="35tkJ">וְ/לֹ֣א</w>
          <w lemma="5115 b" n="1" morph="HVqi3ms" id="35EXL">יִנְוֶ֑ה</w>
          <w lemma="834 a" morph="HTr" id="35ZPN">אֲשֶׁר֩</w>
          <w lemma="7337" morph="HVhp3ms" id="35q1G">הִרְחִ֨יב</w>
          <w lemma="k/7585" n="0.2.1.0" morph="HR/Np" id="35bYD">כִּ/שְׁא֜וֹל</w>
          <w lemma="5315" n="0.2.1" morph="HNcbsc/Sp3ms" id="35v2F">נַפְשׁ֗/וֹ</w>
          <w lemma="c/1931" morph="HC/Pp3ms" id="357vt">וְ/ה֤וּא</w>
          <w lemma="k/4194" n="0.2.0" morph="HRd/Ncmsa" id="35kDm">כַ/מָּ֨וֶת֙</w>
          <w lemma="c/3808" morph="HC/Tn" id="35doW">וְ/לֹ֣א</w>
          <w lemma="7646" n="0.2" morph="HVqi3ms" id="35eRa">יִשְׂבָּ֔ע</w>
          <w lemma="c/622" morph="HC/Vqw3ms" id="35kDf">וַ/יֶּאֱסֹ֤ף</w>
          <w lemma="413" n="0.1.0" morph="HR/Sp3ms" id="3563G">אֵלָי/ו֙</w>
          <w lemma="3605" morph="HNcmsc" id="35WPn">כָּל</w><seg type="x-maqqef">־</seg><w lemma="d/1471 a" n="0.1" morph="HTd/Ncmpa" id="351jv">הַ/גּוֹיִ֔ם</w>
          <w lemma="c/6908" morph="HC/Vqw3ms" id="35cK8">וַ/יִּקְבֹּ֥ץ</w>
          <w lemma="413" n="0.0" morph="HR/Sp3ms" id="35DDb">אֵלָ֖י/ו</w>
          <w lemma="3605" morph="HNcmsc" id="35RCg">כָּל</w><seg type="x-maqqef">־</seg><w lemma="d/5971 a" n="0" morph="HTd/Ncmpa" id="355KE">הָ/עַמִּֽים</w><seg type="x-sof-pasuq">׃</seg>
        </verse>
        <verse osisID="Hab.2.6">
          <w lemma="i/3808" morph="HTi/Tn" id="35qVd">הֲ/לוֹא</w><seg type="x-maqqef">־</seg><w lemma="428" morph="HPdxcp" id="35koG">אֵ֣לֶּה</w>
          <w lemma="3605" n="1.1.1" morph="HNcmsc/Sp3mp" id="35e6B">כֻלָּ֗/ם</w>
          <w lemma="5921 a" n="1.1.0" morph="HR/Sp3ms" id="358GY">עָלָי/ו֙</w>
          <w lemma="4912" morph="HNcmsa" id="35GpK">מָשָׁ֣ל</w>
          <w lemma="5375" n="1.1" morph="HVqi3mp" id="3568C">יִשָּׂ֔אוּ</w>
          <w lemma="c/4426" n="1.0" morph="HC/Ncfsa" id="35CMz">וּ/מְלִיצָ֖ה</w>
          <w lemma="2420" morph="HNcfpa" id="35D4c">חִיד֣וֹת</w>
          <w lemma="l" n="1" morph="HR/Sp3ms" id="35ta1">ל֑/וֹ</w>
          <w lemma="c/559" n="0.2.1" morph="HC/Vqi3ms" id="35JnD">וְ/יֹאמַ֗ר</w>
          <w lemma="1945" n="0.2.0" morph="HTj" id="35jfz">ה֚וֹי</w>
          <w lemma="d/7235 a" morph="HTd/Vhrmsa" id="35ErQ">הַ/מַּרְבֶּ֣ה</w>
          <w lemma="3808" morph="HTn" id="354fv">לֹּא</w><seg type="x-maqqef">־</seg><w lemma="l" n="0.2" morph="HR/Sp3ms" id="35yDv">ל֔/וֹ</w>
          <w lemma="5704" morph="HR" id="35jyT">עַד</w><seg type="x-maqqef">־</seg><w lemma="4970" n="0.1" morph="HTi" id="35Unh">מָתַ֕י</w>
          <w lemma="c/3513" morph="HC/Vhrmsa" id="35QH2">וּ/מַכְבִּ֥יד</w>
          <w lemma="5921 a" n="0.0" morph="HR/Sp3ms" id="35xxn">עָלָ֖י/ו</w>
          <w lemma="5671" n="0" morph="HNcmsa" id="35ou4">עַבְטִֽיט</w><seg type="x-sof-pasuq">׃</seg>
        </verse>
        <verse osisID="Hab.2.7">
          <w lemma="i/3808" morph="HTi/Tn" id="353KZ">הֲ/ל֣וֹא</w>
          <w lemma="6621" n="1.1.1" morph="HD" id="35jNE">פֶ֗תַע</w>
          <w lemma="6965 b" n="1.1.0" morph="HVqi3mp" id="35hj3">יָק֨וּמוּ֙</w>
          <w lemma="5391 a" n="1.1" morph="HVqrmpc/Sp2ms" id="35iDs">נֹשְׁכֶ֔י/ךָ</w>
          <w lemma="c/6974" n="1.0" morph="HC/Vqi3mp" id="356Lo">וְ/יִקְצ֖וּ</w>
          <w lemma="2111" n="1" morph="HVlrmpc/Sp2ms" id="35JZq">מְזַעְזְעֶ֑י/ךָ</w>
          <w lemma="c/1961" morph="HC/Vqq2ms" id="35ZpQ">וְ/הָיִ֥יתָ</w>
          <w lemma="l/4933" n="0.0" morph="HR/Ncfpa" id="359gS">לִ/מְשִׁסּ֖וֹת</w>
          <w lemma="l" n="0" morph="HR/Sp3mp" id="35LAe">לָֽ/מוֹ</w><seg type="x-sof-pasuq">׃</seg>
        </verse>
        <verse osisID="Hab.2.8">
          <w lemma="3588 a" morph="HC" id="35qK3">כִּֽי</w>
          <note n="U">We agree with both BHS 1997 and BHQ on an unexpected reading. </note>
          <w lemma="859 a" morph="HPp2ms" id="351Cv">אַתָּ֤ה</w>
          <w lemma="7997 b" n="1.1.0" morph="HVqp2ms" id="35PBQ">שַׁלּ֨וֹתָ֙</w>
          <w lemma="1471 a" morph="HNcmpa" id="35mr5">גּוֹיִ֣ם</w>
          <w lemma="7227 a" n="1.1" morph="HAampa" id="35QDu">רַבִּ֔ים</w>
          <w lemma="7997 b" n="1.0" morph="HVqi3mp/Sp2ms" id="35PbY">יְשָׁלּ֖וּ/ךָ</w>
          <w lemma="3605" morph="HNcmsc" id="35Ew6">כָּל</w><seg type="x-maqqef">־</seg><w lemma="3499 a" morph="HNcmsc" id="3574R">יֶ֣תֶר</w>
          <w lemma="5971 a" n="1" morph="HNcmpa" id="356zt">עַמִּ֑ים</w>
          <w lemma="m/1818" morph="HR/Ncmpc" id="35zEm">מִ/דְּמֵ֤י</w>
          <w lemma="120" n="0.1.0" morph="HNcmsa" id="352dm">אָדָם֙</w>
          <w lemma="c/2555" morph="HC/Ncmsc" id="35uYh">וַ/חֲמַס</w><seg type="x-maqqef">־</seg><w lemma="776" n="0.1" morph="HNcbsa" id="35YxK">אֶ֔רֶץ</w>
          <w lemma="7151" n="0.0" morph="HNcfsa" id="35aSJ">קִרְיָ֖ה</w>
          <w lemma="c/3605" morph="HC/Ncmsc" id="35Kz2">וְ/כָל</w><seg type="x-maqqef">־</seg><w lemma="3427" morph="HVqrmpc" id="35YhQ">יֹ֥שְׁבֵי</w>
          <w lemma="b" n="0" morph="HR/Sp3fs" id="35azZ">בָֽ/הּ</w><seg type="x-sof-pasuq">׃</seg>
          <seg type="x-pe">פ</seg>
        </verse>
        <verse osisID="Hab.2.9">
          <w lemma="1945" n="1.0.1" morph="HTj" id="35oiy">ה֗וֹי</w>
          <w lemma="1214" n="1.0.0" morph="HVqrmsa" id="35gPX">בֹּצֵ֛עַ</w>
          <w lemma="1215" morph="HNcmsa" id="35gtq">בֶּ֥צַע</w>
          <w lemma="7451 a" n="1.0" morph="HAamsa" id="35HSQ">רָ֖ע</w>
          <w lemma="l/1004 b" n="1" morph="HR/Ncmsc/Sp3ms" id="35fbB">לְ/בֵית֑/וֹ</w>
          <w lemma="l/7760 a" morph="HR/Vqc" id="35k1L">לָ/שׂ֤וּם</w>
          <w lemma="b/4791" n="0.1.0" morph="HRd/Ncmsa" id="352tS">בַּ/מָּרוֹם֙</w>
          <w lemma="7064" n="0.1" morph="HNcmsc/Sp3ms" id="35EVu">קִנּ֔/וֹ</w>
          <w lemma="l/5337" n="0.0" morph="HR/VNc" id="35ygU">לְ/הִנָּצֵ֖ל</w>
          <w lemma="m/3709" morph="HR/Ncfsc" id="35swV">מִ/כַּף</w><seg type="x-maqqef">־</seg><w lemma="7451 b" n="0" morph="HAamsa" id="35HjU">רָֽע</w><seg type="x-sof-pasuq">׃</seg>
        </verse>
        <verse osisID="Hab.2.10">
          <w lemma="3289" morph="HVqp2ms" id="35d3U">יָעַ֥צְתָּ</w>
          <w lemma="1322" n="1.0" morph="HNcfsa" id="35NtK">בֹּ֖שֶׁת</w>
          <w lemma="l/1004 b" n="1" morph="HR/Ncmsc/Sp2ms" id="35U94">לְ/בֵיתֶ֑/ךָ</w>
          <w lemma="7096" morph="HVqc" id="35zqr">קְצוֹת</w><seg type="x-maqqef">־</seg><w lemma="5971 a" morph="HNcmpa" id="356JA">עַמִּ֥ים</w>
          <w lemma="7227 a" n="0.0" morph="HAampa" id="35JyD">רַבִּ֖ים</w>
          <w lemma="c/2398" morph="HC/Vqrmsa" id="35jjy">וְ/חוֹטֵ֥א</w>
          <w lemma="5315" n="0" morph="HNcbsc/Sp2ms" id="3579E">נַפְשֶֽׁ/ךָ</w><seg type="x-sof-pasuq">׃</seg>
        </verse>
        <verse osisID="Hab.2.11">
          <w lemma="3588 a" morph="HC" id="35Zuo">כִּי</w><seg type="x-maqqef">־</seg><w lemma="68" n="1.0" morph="HNcfsa" id="35LXS">אֶ֖בֶן</w>
          <w lemma="m/7023" morph="HR/Ncmsa" id="35mR4">מִ/קִּ֣יר</w>
          <w lemma="2199" n="1" morph="HVqi3fs" id="35MC8">תִּזְעָ֑ק</w>
          <w lemma="c/3714" n="0.0" morph="HC/Ncmsa" id="35BnR">וְ/כָפִ֖יס</w>
          <w lemma="m/6086" morph="HR/Ncmsa" id="35PUg">מֵ/עֵ֥ץ</w>
          <w lemma="6030 b" n="0" morph="HVqi3ms/Sp3fs" id="35pUN">יַעֲנֶֽ/נָּה</w><seg type="x-sof-pasuq">׃</seg>
          <seg type="x-pe">פ</seg>
        </verse>
        <verse osisID="Hab.2.12">
          <w lemma="1945" n="1.0.0" morph="HTj" id="35gc8">ה֛וֹי</w>
          <w lemma="1129" morph="HVqrmsa" id="35Lsp">בֹּנֶ֥ה</w>
          <w lemma="5892 b" n="1.0" morph="HNcfsa" id="35SAE">עִ֖יר</w>
          <w lemma="b/1818" n="1" morph="HR/Ncmpa" id="353gY">בְּ/דָמִ֑ים</w>
          <w lemma="c/3559 a" morph="HC/Voq3ms" id="35RuM">וְ/כוֹנֵ֥ן</w>
          <w lemma="7151" n="0.0" morph="HNcfsa" id="35WFU">קִרְיָ֖ה</w>
          <w lemma="b/5766 b" n="0" morph="HR/Ncbsa" id="35BJv">בְּ/עַוְלָֽה</w><seg type="x-sof-pasuq">׃</seg>
        </verse>
        <verse osisID="Hab.2.13">
          <w lemma="i/3808" morph="HTi/Tn" id="35ExP">הֲ/ל֣וֹא</w>
          <w lemma="2009" n="1.1" morph="HTm" id="35ypu">הִנֵּ֔ה</w>
          <w lemma="m/854" n="1.0" morph="HR/R" id="35mP3">מֵ/אֵ֖ת</w>
          <w lemma="3068" morph="HNp" id="35V8b">יְהוָ֣ה</w>
          <w lemma="6635 b" n="1" morph="HNcbpa" id="35suQ">צְבָא֑וֹת</w>
          <w lemma="c/3021" morph="HC/Vqi3mp" id="351Su">וְ/יִֽיגְע֤וּ</w>
          <w lemma="5971 a" n="0.1.0" morph="HNcmpa" id="35MEz">עַמִּים֙</w>
          <w lemma="b/1767" morph="HR/Ncmsc" id="35Q2u">בְּ/דֵי</w><seg type="x-maqqef">־</seg><w lemma="784" n="0.1" morph="HNcbsa" id="35yT5">אֵ֔שׁ</w>
          <w lemma="c/3816" n="0.0" morph="HC/Ncmpa" id="35b5Q">וּ/לְאֻמִּ֖ים</w>
          <w lemma="b/1767" morph="HR/Ncmsc" id="35F88">בְּ/דֵי</w><seg type="x-maqqef">־</seg><w lemma="7385" morph="HNcmsa" id="35AXb">רִ֥יק</w>
          <w lemma="3286" n="0" morph="HVqi3mp" id="35Wjz">יִעָֽפוּ</w><seg type="x-sof-pasuq">׃</seg>
        </verse>
        <verse osisID="Hab.2.14">
          <w lemma="3588 a" n="1.1.0" morph="HC" id="35bPJ">כִּ֚י</w>
          <w lemma="4390" morph="HVNi3fs" id="35hS1">תִּמָּלֵ֣א</w>
          <w lemma="d/776" n="1.1" morph="HTd/Ncbsa" id="35h53">הָ/אָ֔רֶץ</w>
          <w lemma="l/3045" n="1.0" morph="HR/Vqc" id="35vpK">לָ/דַ֖עַת</w>
          <w lemma="853" morph="HTo" id="35G6E">אֶת</w><seg type="x-maqqef">־</seg><w lemma="3519" morph="HNcbsc" id="354vX">כְּב֣וֹד</w>
          <w lemma="3068" n="1" morph="HNp" id="35X1R">יְהוָ֑ה</w>
          <w lemma="k/4325" n="0.0" morph="HRd/Ncmpa" id="35bsu">כַּ/מַּ֖יִם</w>
          <w lemma="3680" morph="HVpi3mp" id="35Ygn">יְכַסּ֥וּ</w>
          <w lemma="5921 a" morph="HR" id="352gM">עַל</w><seg type="x-maqqef">־</seg><w lemma="3220" n="0" morph="HNcmsa" id="35pAw">יָֽם</w><seg type="x-sof-pasuq">׃</seg>
          <seg type="x-samekh">ס</seg>
        </verse>
        <verse osisID="Hab.2.15">
          <w lemma="1945" n="1.1.0" morph="HTj" id="35mVV">ה֚וֹי</w>
          <w lemma="8248" morph="HVhrmsc" id="35FMa">מַשְׁקֵ֣ה</w>
          <w lemma="7453" n="1.1" morph="HNcmsc/Sp3ms" id="35KPU">רֵעֵ֔/הוּ</w>
          <w lemma="5596 a" morph="HVprmsa" id="35ki2">מְסַפֵּ֥חַ</w>
          <w lemma="2573" n="1.0" morph="HNcfsc/Sp2ms" id="355pZ">חֲמָתְ/ךָ֖</w>
          <w lemma="c/637" morph="HC/D" id="35HWo">וְ/אַ֣ף</w>
          <w lemma="7937" n="1" morph="HVpa" id="35zkA">שַׁכֵּ֑ר</w>
          <w lemma="4616" morph="HR" id="35JMT">לְמַ֥עַן</w>
          <w lemma="5027" n="0.0" morph="HVhc" id="35jEX">הַבִּ֖יט</w>
          <w lemma="5921 a" morph="HR" id="35uUA">עַל</w><seg type="x-maqqef">־</seg><w lemma="4589" n="0" morph="HNcmpc/Sp3mp" id="35tKf">מְעוֹרֵי/הֶֽם</w><seg type="x-sof-pasuq">׃</seg>
        </verse>
        <verse osisID="Hab.2.16">
          <w lemma="7646" morph="HVqp2ms" id="35awE">שָׂבַ֤עְתָּ</w>
          <w lemma="7036" n="1.1.0" morph="HNcmsa" id="35yNT">קָלוֹן֙</w>
          <w lemma="m/3519" n="1.1" morph="HR/Ncbsa" id="35Azu">מִ/כָּב֔וֹד</w>
          <w lemma="8354" morph="HVqv2ms" id="35884">שְׁתֵ֥ה</w>
          <w lemma="1571" morph="HD" id="35XMu">גַם</w><seg type="x-maqqef">־</seg><w lemma="859 a" n="1.0" morph="HPp2ms" id="35mrn">אַ֖תָּה</w>
          <w lemma="c/6188" n="1" morph="HC/VNv2ms" id="35Xh9">וְ/הֵֽעָרֵ֑ל</w>
          <w lemma="5437" morph="HVqi3fs" id="35D3a">תִּסּ֣וֹב</w>
          <w lemma="5921 a" n="0.1.1" morph="HR/Sp2ms" id="35wEr">עָלֶ֗י/ךָ</w>
          <w lemma="3563 a" n="0.1.0" morph="HNcfsc" id="35Rvc">כּ֚וֹס</w>
          <w lemma="3225" morph="HNcfsc" id="35c6V">יְמִ֣ין</w>
          <w lemma="3068" n="0.1" morph="HNp" id="358eM">יְהוָ֔ה</w>
          <w lemma="c/7022" n="0.0" morph="HC/Ncmsa" id="35xkK">וְ/קִיקָל֖וֹן</w>
          <w lemma="5921 a" morph="HR" id="35rGa">עַל</w><seg type="x-maqqef">־</seg><w lemma="3519" n="0" morph="HNcbsc/Sp2ms" id="35fp1">כְּבוֹדֶֽ/ךָ</w><seg type="x-sof-pasuq">׃</seg>
        </verse>
        <verse osisID="Hab.2.17">
          <w lemma="3588 a" morph="HC" id="35Y9g">כִּ֣י</w>
          <w lemma="2555" morph="HNcmsc" id="35mGU">חֲמַ֤ס</w>
          <w lemma="3844" n="1.1.0" morph="HNp" id="35gBW">לְבָנוֹן֙</w>
          <w lemma="3680" n="1.1" morph="HVpi3ms/Sp2ms" id="35eLD">יְכַסֶּ֔/ךָּ</w>
          <w lemma="c/7701" morph="HC/Ncmsc" id="3593F">וְ/שֹׁ֥ד</w>
          <w lemma="929" n="1.0" morph="HNcfpa" id="35eyL">בְּהֵמ֖וֹת</w>
          <w lemma="2865" n="1" morph="HVhi3ms/Sp3fp" id="35pm7">יְחִיתַ֑/ן</w>
          <w lemma="m/1818" morph="HR/Ncmpc" id="35teU">מִ/דְּמֵ֤י</w>
          <w lemma="120" n="0.1.0" morph="HNcmsa" id="35c58">אָדָם֙</w>
          <w lemma="c/2555" morph="HC/Ncmsc" id="35MRA">וַ/חֲמַס</w><seg type="x-maqqef">־</seg><w lemma="776" n="0.1" morph="HNcbsa" id="35xp4">אֶ֔רֶץ</w>
          <w lemma="7151" n="0.0" morph="HNcfsa" id="35Hki">קִרְיָ֖ה</w>
          <w lemma="c/3605" morph="HC/Ncmsc" id="35QvZ">וְ/כָל</w><seg type="x-maqqef">־</seg><w lemma="3427" morph="HVqrmpc" id="35S38">יֹ֥שְׁבֵי</w>
          <w lemma="b" n="0" morph="HR/Sp3fs" id="35eN1">בָֽ/הּ</w><seg type="x-sof-pasuq">׃</seg>
          <seg type="x-samekh">ס</seg>
        </verse>
        <verse osisID="Hab.2.18">
          <w lemma="4100" morph="HTi" id="35HoD">מָֽה</w><seg type="x-maqqef">־</seg><w lemma="3276" morph="HVhp3ms" id="35P5s">הוֹעִ֣יל</w>
          <w lemma="6459" n="1.1.1" morph="HNcmsa" id="355QX">פֶּ֗סֶל</w>
          <w lemma="3588 a" morph="HC" id="35Mxy">כִּ֤י</w>
          <w lemma="6458" n="1.1.0" morph="HVqp3ms/Sp3ms" id="35w6u">פְסָל/וֹ֙</w>
          <w lemma="3336" n="1.1" morph="HVqrmsc/Sp3ms" id="35e3z">יֹֽצְר֔/וֹ</w>
          <w lemma="4541 a" n="1.0" morph="HNcfsa" id="352c6">מַסֵּכָ֖ה</w>
          <w lemma="c/3384 b" morph="HC/Vhrmsa" id="353RL">וּ/מ֣וֹרֶה</w>
          <w lemma="8267" n="1" morph="HNcmsa" id="35JUf">שָּׁ֑קֶר</w>
          <w lemma="3588 a" morph="HC" id="35ce9">כִּ֣י</w>
          <w lemma="982" n="0.1.0.0" morph="HVqp3ms" id="35dPK">בָטַ֞ח</w>
          <w lemma="3335" morph="HVqrmsa" id="35vLv">יֹצֵ֤ר</w>
          <w lemma="3336" n="0.1.0" morph="HNcmsc/Sp3ms" id="35UrG">יִצְר/וֹ֙</w>
          <w lemma="5921 a" n="0.1" morph="HR/Sp3ms" id="35Sxc">עָלָ֔י/ו</w>
          <w lemma="l/6213 a" n="0.0" morph="HR/Vqc" id="35xwN">לַ/עֲשׂ֖וֹת</w>
          <w lemma="457" morph="HNcmpa" id="35GjY">אֱלִילִ֥ים</w>
          <w lemma="483" n="0" morph="HAampa" id="35KNo">אִלְּמִֽים</w><seg type="x-sof-pasuq">׃</seg>
          <seg type="x-samekh">ס</seg>
        </verse>
        <verse osisID="Hab.2.19">
          <w lemma="1945" morph="HTj" id="35NLD">ה֣וֹי</w>
          <w lemma="559" morph="HVqrmsa" id="35GUh">אֹמֵ֤ר</w>
          <w lemma="l/6086" n="1.1.0" morph="HRd/Ncmsa" id="355aF">לָ/עֵץ֙</w>
          <w lemma="6974" n="1.1" morph="HVhv2ms/Sh" id="35taY">הָקִ֔יצָ/ה</w>
          <w lemma="5782" n="1.0" morph="HVqv2fs" id="35EZz">ע֖וּרִי</w>
          <w lemma="l/68" morph="HR/Ncfsc" id="35Hnw">לְ/אֶ֣בֶן</w>
          <w lemma="1748" n="1" morph="HNcmsa" id="35pXi">דּוּמָ֑ם</w>
          <w lemma="1931" morph="HPp3ms" id="35Nq4">ה֣וּא</w>
          <w lemma="3384 b" n="0.2" morph="HVhi3ms" id="35rZH">יוֹרֶ֔ה</w>
          <w lemma="2009" morph="HTm" id="35GtT">הִנֵּה</w><seg type="x-maqqef">־</seg><w lemma="1931" n="0.1.1" morph="HPp3ms" id="35kwz">ה֗וּא</w>
          <w lemma="8610" n="0.1.0" morph="HVqsmsa" id="35tc4">תָּפוּשׂ֙</w>
          <w lemma="2091" morph="HNcmsa" id="35CMD">זָהָ֣ב</w>
          <w lemma="c/3701" n="0.1" morph="HC/Ncmsa" id="355eq">וָ/כֶ֔סֶף</w>
          <w lemma="c/3605" morph="HC/Ncmsc" id="35Cj2">וְ/כָל</w><seg type="x-maqqef">־</seg><w lemma="7307" n="0.0" morph="HNcbsa" id="35Ttm">ר֖וּחַ</w>
          <w lemma="369" morph="HTn" id="356Vi">אֵ֥ין</w>
          <w lemma="b/7130" n="0" morph="HR/Ncmsc/Sp3ms" id="35V8W">בְּ/קִרְבּֽ/וֹ</w><seg type="x-sof-pasuq">׃</seg>
        </verse>
        <verse osisID="Hab.2.20">
          <w lemma="c/3068" n="1.0" morph="HC/Np" id="35zg2">וַֽ/יהוָ֖ה</w>
          <w lemma="b/1964" morph="HR/Ncmsc" id="35gXh">בְּ/הֵיכַ֣ל</w>
          <w lemma="6944" n="1" morph="HNcmsc/Sp3ms" id="353iR">קָדְשׁ֑/וֹ</w>
          <w lemma="2013" morph="HTj" id="35RoG">הַ֥ס</w>
          <w lemma="m/6440" n="0.0" morph="HR/Ncbpc/Sp3ms" id="35jP7">מִ/פָּנָ֖י/ו</w>
          <w lemma="3605" morph="HNcmsc" id="35vCn">כָּל</w><seg type="x-maqqef">־</seg><w lemma="d/776" n="0" morph="HTd/Ncbsa" id="35jv3">הָ/אָֽרֶץ</w><seg type="x-sof-pasuq">׃</seg>
          <seg type="x-pe">פ</seg>
        </verse>
      </chapter>
      <chapter osisID="Hab.3">
        <verse osisID="Hab.3.1">
          <w lemma="8605" n="1.0" morph="HNcfsa" id="35ggL">תְּפִלָּ֖ה</w>
          <w lemma="l/2265" morph="HR/Np" id="35MVq">לַ/חֲבַקּ֣וּק</w>
          <w lemma="d/5030" n="1" morph="HTd/Ncmsa" id="35g1y">הַ/נָּבִ֑יא</w>
          <w lemma="5921 a" n="0.0" morph="HR" id="35CBH">עַ֖ל</w>
          <w lemma="7692" n="0" morph="HNp" id="353t6">שִׁגְיֹנֽוֹת</w><seg type="x-sof-pasuq">׃</seg>
        </verse>
        <verse osisID="Hab.3.2">
          <w lemma="3068" n="1.2.1" morph="HNp" id="35g33">יְהוָ֗ה</w>
          <w lemma="8085" morph="HVqp1cs" id="35LDn">שָׁמַ֣עְתִּי</w>
          <w lemma="8088 b" n="1.2.0" morph="HNcmsc/Sp2ms" id="353jG">שִׁמְעֲ/ךָ֮</w>
          <w lemma="3372" n="1.2" morph="HVqp1cs" id="35WDP">יָרֵאתִי֒</w>
          <w lemma="3068" n="1.1.2" morph="HNp" id="35eeF">יְהוָ֗ה</w>
          <w lemma="6467" n="1.1.1" morph="HNcmsc/Sp2ms" id="35idA">פָּֽעָלְ/ךָ֙</w>
          <w lemma="b/7130" morph="HR/Ncmsc" id="35Z4D">בְּ/קֶ֤רֶב</w>
          <w lemma="8141" n="1.1.0" morph="HNcfpa" id="35VMC">שָׁנִים֙</w>
          <w lemma="2421" n="1.1" morph="HVpv2ms/Sp3ms" id="35K8W">חַיֵּ֔י/הוּ</w>
          <w lemma="b/7130" morph="HR/Ncmsc" id="356RX">בְּ/קֶ֥רֶב</w>
          <w lemma="8141" n="1.0" morph="HNcfpa" id="35bYm">שָׁנִ֖ים</w>
          <w lemma="3045" n="1" morph="HVhj2ms" id="35M7H">תּוֹדִ֑יעַ</w>
          <w lemma="b/7267" n="0.0" morph="HR/Ncmsa" id="35gcK">בְּ/רֹ֖גֶז</w>
          <w lemma="7355" morph="HVpa" id="35p7s">רַחֵ֥ם</w>
          <w lemma="2142" n="0" morph="HVqj2ms" id="35ZBR">תִּזְכּֽוֹר</w><seg type="x-sof-pasuq">׃</seg>
        </verse>
        <verse osisID="Hab.3.3">
          <w lemma="433" n="1.1.0" morph="HNcmsa" id="35ACh">אֱל֨וֹהַ֙</w>
          <note n="U">We agree with both BHS 1997 and BHQ on an unexpected reading. </note>
          <w lemma="m/8487" morph="HR/Np" id="35mnL">מִ/תֵּימָ֣ן</w>
          <w lemma="935" n="1.1" morph="HVqi3ms" id="3589r">יָב֔וֹא</w>
          <w lemma="c/6918" morph="HC/Aamsa" id="35GmF">וְ/קָד֥וֹשׁ</w>
          <w lemma="m/2022" morph="HR/Ncmsc" id="35fcv">מֵֽ/הַר</w><seg type="x-maqqef">־</seg><w lemma="6290" n="1.0" morph="HNp" id="35knb">פָּארָ֖ן</w>
          <w lemma="5542" n="1" morph="HTj" id="35Qpj">סֶ֑לָה</w>
          <w lemma="3680" morph="HVpp3ms" id="35MDS">כִּסָּ֤ה</w>
          <w lemma="8064" n="0.1.0" morph="HNcmpa" id="35YBx">שָׁמַ֨יִם֙</w>
          <w lemma="1935" n="0.1" morph="HNcmsc/Sp3ms" id="35kMZ">הוֹד֔/וֹ</w>
          <w lemma="c/8416" n="0.0" morph="HC/Ncfsc/Sp3ms" id="35uqC">וּ/תְהִלָּת֖/וֹ</w>
          <w lemma="4390" morph="HVqp3fs" id="35VY5">מָלְאָ֥ה</w>
          <w lemma="d/776" n="0" morph="HTd/Ncbsa" id="35WJY">הָ/אָֽרֶץ</w><seg type="x-sof-pasuq">׃</seg>
        </verse>
        <verse osisID="Hab.3.4">
          <w lemma="c/5051" n="1.1.0" morph="HC/Ncfsa" id="35brh">וְ/נֹ֨גַהּ֙</w>
          <w lemma="k/216" morph="HRd/Ncbsa" id="35w1U">כָּ/א֣וֹר</w>
          <w lemma="1961" n="1.1" morph="HVqi3fs" id="35aqT">תִּֽהְיֶ֔ה</w>
          <w lemma="7161 a" morph="HNcbda" id="35zXi">קַרְנַ֥יִם</w>
          <w lemma="m/3027" n="1.0" morph="HR/Ncbsc/Sp3ms" id="35H8a">מִ/יָּד֖/וֹ</w>
          <w lemma="l" n="1" morph="HR/Sp3ms" id="35Sjh">ל֑/וֹ</w>
          <w lemma="c/8033" n="0.0" morph="HC/D" id="35oYp">וְ/שָׁ֖ם</w>
          <w lemma="2253" morph="HNcmsc" id="35Pht">חֶבְי֥וֹן</w>
          <w lemma="5797" n="0" morph="HNcmsc/Sp3ms" id="35idy">עֻזֹּֽ/ה</w><seg type="x-sof-pasuq">׃</seg>
          <note n="Q">Marks a place where we agree with BHQ against BHS in reading L. </note>
          <note n="q">We have abandoned or added a ketib/qere relative to BHS. In doing this we agree with L against BHS. </note>
        </verse>
        <verse osisID="Hab.3.5">
          <w lemma="l/6440" n="1.0" morph="HR/Ncbpc/Sp3ms" id="35PU6">לְ/פָנָ֖י/ו</w>
          <w lemma="3212" morph="HVqi3ms" id="35FCP">יֵ֣לֶךְ</w>
          <w lemma="1698" n="1" morph="HNcmsa" id="35YuY">דָּ֑בֶר</w>
          <w lemma="c/3318" morph="HC/Vqi3ms" id="358Js">וְ/יֵצֵ֥א</w>
          <w lemma="7565" n="0.0" morph="HNcmsa" id="35FyK">רֶ֖שֶׁף</w>
          <w lemma="l/7272" n="0" morph="HR/Ncfdc/Sp3ms" id="35XjR">לְ/רַגְלָֽי/ו</w><seg type="x-sof-pasuq">׃</seg>
        </verse>
        <verse osisID="Hab.3.6">
          <w lemma="5975" n="1.2.1.0" morph="HVqp3ms" id="35jaD">עָמַ֣ד</w>
          <seg type="x-paseq">׀</seg>
          <w lemma="c/4128" morph="HC/Vow3ms" id="35W7V">וַ/יְמֹ֣דֶד</w>
          <w lemma="776" n="1.2.1" morph="HNcbsa" id="35U2Y">אֶ֗רֶץ</w>
          <w lemma="7200" n="1.2.0" morph="HVqp3ms" id="358na">רָאָה֙</w>
          <w lemma="c/5425 a" morph="HC/Vhw3ms" id="35sgw">וַ/יַּתֵּ֣ר</w>
          <w lemma="1471 a" n="1.2" morph="HNcmpa" id="35MDX">גּוֹיִ֔ם</w>
          <w lemma="c/6327 a" n="1.1.0" morph="HC/Vrw3mp" id="35pPp">וַ/יִּתְפֹּֽצְצוּ֙</w>
          <w lemma="2042" morph="HNcmpc" id="35ieN">הַרְרֵי</w><seg type="x-maqqef">־</seg><w lemma="5703" n="1.1" morph="HNcmsa" id="35Csj">עַ֔ד</w>
          <w lemma="7817" n="1.0" morph="HVqp3cp" id="35rHn">שַׁח֖וּ</w>
          <w lemma="1389" morph="HNcfpc" id="35ViB">גִּבְע֣וֹת</w>
          <w lemma="5769" n="1" morph="HNcmsa" id="35CFo">עוֹלָ֑ם</w>
          <w lemma="1979" morph="HNcfpc" id="355Ja">הֲלִיכ֥וֹת</w>
          <w lemma="5769" n="0.0" morph="HNcmsa" id="35UXS">עוֹלָ֖ם</w>
          <w lemma="l" n="0" morph="HR/Sp3ms" id="35YQ8">לֽ/וֹ</w><seg type="x-sof-pasuq">׃</seg>
        </verse>
        <verse osisID="Hab.3.7">
          <w lemma="8478" morph="HR" id="35Abd">תַּ֣חַת</w>
          <w lemma="205" n="1.1" morph="HNcmsa" id="352UV">אָ֔וֶן</w>
          <w lemma="7200" n="1.0" morph="HVqp1cs" id="35ZtS">רָאִ֖יתִי</w>
          <w lemma="168" morph="HNcmpc" id="35gMU">אָהֳלֵ֣י</w>
          <w lemma="3572" n="1" morph="HNp" id="35nWb">כוּשָׁ֑ן</w>
          <w lemma="7264" n="0.1" morph="HVqi3mp/Sn" id="35GXk">יִרְגְּז֕וּ/ן</w>
          <w lemma="3407" n="0.0" morph="HNcfpc" id="35TZa">יְרִיע֖וֹת</w>
          <w lemma="776" morph="HNcbsc" id="355qp">אֶ֥רֶץ</w>
          <w lemma="4080" n="0" morph="HNp" id="35uHZ">מִדְיָֽן</w><seg type="x-sof-pasuq">׃</seg>
          <seg type="x-samekh">ס</seg>
        </verse>
        <verse osisID="Hab.3.8">
          <w lemma="i/b/5104" n="1.2.0" morph="HTi/R/Ncmpa" id="35pAL">הֲ/בִ/נְהָרִים֙</w>
          <w lemma="2734" morph="HVqp3ms" id="35hSr">חָרָ֣ה</w>
          <w lemma="3068" n="1.2" morph="HNp" id="35ZMk">יְהוָ֔ה</w>
          <w lemma="518 a" morph="HC" id="35irW">אִ֤ם</w>
          <w lemma="b/5104" n="1.1.0" morph="HRd/Ncmpa" id="35x72">בַּ/נְּהָרִים֙</w>
          <w lemma="639" n="1.1" morph="HNcmsc/Sp2ms" id="35FYV">אַפֶּ֔/ךָ</w>
          <w lemma="518 a" morph="HC" id="35Uoo">אִם</w><seg type="x-maqqef">־</seg><w lemma="b/3220" n="1.0" morph="HRd/Ncmsa" id="35sC3">בַּ/יָּ֖ם</w>
          <w lemma="5678" n="1" morph="HNcfsc/Sp2ms" id="354CS">עֶבְרָתֶ֑/ךָ</w>
          <w lemma="3588 a" morph="HC" id="356n2">כִּ֤י</w>
          <w lemma="7392" n="0.1.0" morph="HVqi2ms" id="35HqY">תִרְכַּב֙</w>
          <w lemma="5921 a" morph="HR" id="35BFZ">עַל</w><seg type="x-maqqef">־</seg><w lemma="5483 b" n="0.1" morph="HNcmpc/Sp2ms" id="35shy">סוּסֶ֔י/ךָ</w>
          <w lemma="4818" n="0.0" morph="HNcfpc/Sp2ms" id="35nzj">מַרְכְּבֹתֶ֖י/ךָ</w>
          <w lemma="3444" n="0" morph="HNcfsa" id="35vpT">יְשׁוּעָֽה</w><seg type="x-sof-pasuq">׃</seg>
        </verse>
        <verse osisID="Hab.3.9">
          <w lemma="6181" morph="HNcfsa" id="353Sx">עֶרְיָ֤ה</w>
          <w lemma="5783" n="1.1.0" morph="HVNi3fs" id="35qVv">תֵעוֹר֙</w>
          <w lemma="7198" n="1.1" morph="HNcfsc/Sp2ms" id="35Kov">קַשְׁתֶּ֔/ךָ</w>
          <w lemma="7621" morph="HNcfpa" id="35HNy">שְׁבֻע֥וֹת</w>
          <w lemma="4294" n="1.0" morph="HNcmpa" id="35Ta6">מַטּ֖וֹת</w>
          <w lemma="562" morph="HNcmsa" id="35ER2">אֹ֣מֶר</w>
          <w lemma="5542" n="1" morph="HTj" id="35yP1">סֶ֑לָה</w>
          <w lemma="5104" n="0.0" morph="HNcmpa" id="35w4T">נְהָר֖וֹת</w>
          <w lemma="1234" morph="HVpi2ms" id="35Cyx">תְּבַקַּע</w><seg type="x-maqqef">־</seg><w lemma="776" n="0" morph="HNcbsa" id="35qTT">אָֽרֶץ</w><seg type="x-sof-pasuq">׃</seg>
        </verse>
        <verse osisID="Hab.3.10">
          <w lemma="7200" morph="HVqp3cp/Sp2ms" id="35m55">רָא֤וּ/ךָ</w>
          <w lemma="2342 a" n="1.1.0" morph="HVqi3mp" id="35AF1">יָחִ֨ילוּ֙</w>
          <w lemma="2022" n="1.1" morph="HNcmpa" id="355ED">הָרִ֔ים</w>
          <w lemma="2230" morph="HNcmsc" id="35zCS">זֶ֥רֶם</w>
          <w lemma="4325" n="1.0" morph="HNcmpa" id="35LsC">מַ֖יִם</w>
          <w lemma="5674 a" n="1" morph="HVqp3ms" id="35B4x">עָבָ֑ר</w>
          <w lemma="5414" morph="HVqp3ms" id="35JB6">נָתַ֤ן</w>
          <w lemma="8415" n="0.1.0" morph="HNcbsa" id="35LzS">תְּהוֹם֙</w>
          <w lemma="6963 a" n="0.1" morph="HNcmsc/Sp3ms" id="3583E">קוֹל֔/וֹ</w>
          <w lemma="7315" n="0.0" morph="HNcmsc" id="35hQD">ר֖וֹם</w>
          <w lemma="3027" morph="HNcbdc/Sp3ms" id="35LZD">יָדֵ֥י/הוּ</w>
          <w lemma="5375" n="0" morph="HVqp3ms" id="356bH">נָשָֽׂא</w><seg type="x-sof-pasuq">׃</seg>
        </verse>
        <verse osisID="Hab.3.11">
          <w lemma="8121" morph="HNcbsa" id="35Ekx">שֶׁ֥מֶשׁ</w>
          <w lemma="3394" n="1.0" morph="HNcmsa" id="35PG7">יָרֵ֖חַ</w>
          <w lemma="5975" morph="HVqp3ms" id="35EL8">עָ֣מַד</w>
          <w lemma="2073" n="1" morph="HNcmsa/Sd" id="35ufm">זְבֻ֑לָ/ה</w>
          <w lemma="l/216" morph="HR/Ncbsc" id="35XSi">לְ/א֤וֹר</w>
          <w lemma="2671" n="0.1.0" morph="HNcmpc/Sp2ms" id="35ELV">חִצֶּ֨י/ךָ֙</w>
          <w lemma="1980" n="0.1" morph="HVpi3mp" id="35Y6w">יְהַלֵּ֔כוּ</w>
          <w lemma="l/5051" n="0.0" morph="HR/Ncfsc" id="35qLR">לְ/נֹ֖גַהּ</w>
          <w lemma="1300 b" morph="HNcmsc" id="35vfq">בְּרַ֥ק</w>
          <w lemma="2595" n="0" morph="HNcfsc/Sp2ms" id="35Qsx">חֲנִיתֶֽ/ךָ</w><seg type="x-sof-pasuq">׃</seg>
        </verse>
        <verse osisID="Hab.3.12">
          <w lemma="b/2195" n="1.0" morph="HR/Ncmsa" id="358KZ">בְּ/זַ֖עַם</w>
          <w lemma="6805" morph="HVqi2ms" id="35GXq">תִּצְעַד</w><seg type="x-maqqef">־</seg><w lemma="776" n="1" morph="HNcbsa" id="35iCi">אָ֑רֶץ</w>
          <w lemma="b/639" n="0.0" morph="HR/Ncmsa" id="35vwH">בְּ/אַ֖ף</w>
          <w lemma="1758" morph="HVqi2ms" id="35dbM">תָּד֥וּשׁ</w>
          <w lemma="1471 a" n="0" morph="HNcmpa" id="35Dqb">גּוֹיִֽם</w><seg type="x-sof-pasuq">׃</seg>
        </verse>
        <verse osisID="Hab.3.13">
          <w lemma="3318" n="1.1.0" morph="HVqp2ms" id="35kCD">יָצָ֨אתָ֙</w>
          <w lemma="l/3468" morph="HR/Ncmsc" id="35XgW">לְ/יֵ֣שַׁע</w>
          <w lemma="5971 a" n="1.1" morph="HNcmsc/Sp2ms" id="356PV">עַמֶּ֔/ךָ</w>
          <w lemma="l/3468" n="1.0" morph="HR/Ncmsa" id="35qGs">לְ/יֵ֖שַׁע</w>
          <w lemma="854" morph="HR" id="35w7p">אֶת</w><seg type="x-maqqef">־</seg><w lemma="4899" n="1" morph="HNcmsc/Sp2ms" id="35k7H">מְשִׁיחֶ֑/ךָ</w>
          <w lemma="4272" morph="HVqp2ms" id="35r6F">מָחַ֤צְתָּ</w>
          <w lemma="7218 a" n="0.1.0" morph="HNcmsa" id="35Ugz">רֹּאשׁ֙</w>
          <w lemma="m/1004 b" morph="HR/Ncmsc" id="35Mjg">מִ/בֵּ֣ית</w>
          <w lemma="7563" n="0.1" morph="HAamsa" id="35mdR">רָשָׁ֔ע</w>
          <w lemma="6168" n="0.0.0" morph="HVpa" id="35eWA">עָר֛וֹת</w>
          <w lemma="3247" morph="HNcmsa" id="35CqN">יְס֥וֹד</w>
          <w lemma="5704" morph="HR" id="35Cpt">עַד</w><seg type="x-maqqef">־</seg><w lemma="6677 a" n="0.0" morph="HNcmsa" id="35aSi">צַוָּ֖אר</w>
          <w lemma="5542" n="0" morph="HTj" id="357VU">סֶֽלָה</w><seg type="x-sof-pasuq">׃</seg>
          <seg type="x-pe">פ</seg>
        </verse>
        <verse osisID="Hab.3.14">
          <w lemma="5344 a" morph="HVqp2ms" id="35eK3">נָקַ֤בְתָּ</w>
          <w lemma="b/4294" n="1.1.0" morph="HR/Ncmpc/Sp3ms" id="35c63">בְ/מַטָּי/ו֙</w>
          <w lemma="7218 a" morph="HNcmsc" id="35TuL">רֹ֣אשׁ</w>
          <w type="x-ketiv" lemma="6518" morph="HNcmsc/Sp3ms" id="35emQ">פרז/ו</w><note type="variant"><catchWord>פרז/ו</catchWord><rdg type="x-qere"><w lemma="6518" n="1.1" morph="HNcmpc/Sp3ms" id="35uf4">פְּרָזָ֔י/ו</w></rdg></note>
          <w lemma="5590" n="1.0" morph="HVqi3mp" id="35jQv">יִסְעֲר֖וּ</w>
          <w lemma="l/6327 a" n="1" morph="HR/Vhc/Sp1cs" id="35ME1">לַ/הֲפִיצֵ֑/נִי</w>
          <w lemma="5951" n="0.1" morph="HNcfsc/Sp3mp" id="35ht4">עֲלִ֣יצֻתָ֔/ם</w>
          <w lemma="3644" morph="HR" id="353Yo">כְּמוֹ</w><seg type="x-maqqef">־</seg><w lemma="l/398" morph="HR/Vqc" id="35pYb">לֶ/אֱכֹ֥ל</w>
          <w lemma="6041" n="0.0" morph="HAamsa" id="35g5u">עָנִ֖י</w>
          <w lemma="b/4565" n="0" morph="HRd/Ncmsa" id="35w6U">בַּ/מִּסְתָּֽר</w><seg type="x-sof-pasuq">׃</seg>
        </verse>
        <verse osisID="Hab.3.15">
          <w lemma="1869" morph="HVqp2ms" id="35ifL">דָּרַ֥כְתָּ</w>
          <w lemma="b/3220" n="1.0" morph="HRd/Ncmsa" id="35LZU">בַ/יָּ֖ם</w>
          <w lemma="5483 b" n="1" morph="HNcmpc/Sp2ms" id="35yHT">סוּסֶ֑י/ךָ</w>
          <w lemma="2563 b" n="0.0" morph="HNcmsc" id="359Dq">חֹ֖מֶר</w>
          <w lemma="4325" morph="HNcmpa" id="357Vg">מַ֥יִם</w>
          <w lemma="7227 a" n="0" morph="HAampa" id="353LR">רַבִּֽים</w><seg type="x-sof-pasuq">׃</seg>
        </verse>
        <verse osisID="Hab.3.16">
          <w lemma="8085" n="1.1.1.0" morph="HVqp1cs" id="35vdQ">שָׁמַ֣עְתִּי</w>
          <seg type="x-paseq">׀</seg>
          <w lemma="c/7264" morph="HC/Vqw3fs" id="35zAa">וַ/תִּרְגַּ֣ז</w>
          <w lemma="990" n="1.1.1" morph="HNcfsc/Sp1cs" id="35HK3">בִּטְנִ֗/י</w>
          <w lemma="l/6963 a" n="1.1.0" morph="HR/Ncmsa" id="35sCi">לְ/קוֹל֙</w>
          <w lemma="6750" morph="HVqp3cp" id="35S3d">צָלֲל֣וּ</w>
          <w lemma="8193" n="1.1" morph="HNcfdc/Sp1cs" id="35RFe">שְׂפָתַ֔/י</w>
          <w lemma="935" morph="HVqi3ms" id="35PfQ">יָב֥וֹא</w>
          <w lemma="7538" n="1.0.0" morph="HNcmsa" id="35AwN">רָקָ֛ב</w>
          <w lemma="b/6106" n="1.0" morph="HR/Ncfpc/Sp1cs" id="35khc">בַּ/עֲצָמַ֖/י</w>
          <w lemma="c/8478" morph="HC/R/Sp1cs" id="35kYA">וְ/תַחְתַּ֣/י</w>
          <w lemma="7264" n="1" morph="HVqi1cs" id="35u6F">אֶרְגָּ֑ז</w>
          <w lemma="834 a" morph="HTr" id="35PYJ">אֲשֶׁ֤ר</w>
          <w lemma="5117" n="0.1.0" morph="HVqi1cs" id="351Za">אָנ֨וּחַ֙</w>
          <w lemma="l/3117" morph="HR/Ncmsc" id="35gam">לְ/י֣וֹם</w>
          <w lemma="6869 b" n="0.1" morph="HNcfsa" id="35un5">צָרָ֔ה</w>
          <w lemma="l/5927" n="0.0" morph="HR/Vqc" id="35WSe">לַ/עֲל֖וֹת</w>
          <w lemma="l/5971 a" morph="HR/Ncmsa" id="35AFs">לְ/עַ֥ם</w>
          <w lemma="1464" n="0" morph="HVqi3ms/Sp1cp" id="35aJe">יְגוּדֶֽ/נּוּ</w><seg type="x-sof-pasuq">׃</seg>
        </verse>
        <verse osisID="Hab.3.17">
          <w lemma="3588 a" morph="HC" id="35g2t">כִּֽי</w><seg type="x-maqqef">־</seg><w lemma="8384" morph="HNcfsa" id="358HV">תְאֵנָ֣ה</w>
          <w lemma="3808" morph="HTn" id="35j8W">לֹֽא</w><seg type="x-maqqef">־</seg><w lemma="6524 a" n="1.2.1" morph="HVqi3fs" id="35h73">תִפְרָ֗ח</w>
          <w lemma="c/369" morph="HC/Tn" id="359Yh">וְ/אֵ֤ין</w>
          <w lemma="2981" n="1.2.0" morph="HNcmsa" id="35SkM">יְבוּל֙</w>
          <w lemma="b/1612" n="1.2" morph="HRd/Ncbpa" id="35yXK">בַּ/גְּפָנִ֔ים</w>
          <w lemma="3584" n="1.1.0" morph="HVpp3ms" id="35hDf">כִּחֵשׁ֙</w>
          <w lemma="4639" morph="HNcmsc" id="35PuA">מַעֲשֵׂה</w><seg type="x-maqqef">־</seg><w lemma="2132" n="1.1" morph="HNcmsa" id="35myi">זַ֔יִת</w>
          <w lemma="c/7709" n="1.0" morph="HC/Ncfpa" id="35YLn">וּ/שְׁדֵמ֖וֹת</w>
          <w lemma="3808" morph="HTn" id="35AXU">לֹא</w><seg type="x-maqqef">־</seg><w lemma="6213 a" morph="HVqp3ms" id="35reD">עָ֣שָׂה</w>
          <w lemma="400" n="1" morph="HNcmsa" id="35VFM">אֹ֑כֶל</w>
          <w lemma="1504" morph="HVqp3ms" id="35SGf">גָּזַ֤ר</w>
          <w lemma="m/4356" n="0.1.0" morph="HR/Ncbsa" id="359jX">מִ/מִּכְלָה֙</w>
          <w lemma="6629" n="0.1" morph="HNcbsa" id="356t4">צֹ֔אן</w>
          <w lemma="c/369" morph="HC/Tn" id="35Yu7">וְ/אֵ֥ין</w>
          <w lemma="1241" n="0.0" morph="HNcbsa" id="35vL9">בָּקָ֖ר</w>
          <w lemma="b/7517" n="0" morph="HRd/Ncmpa" id="35G2d">בָּ/רְפָתִֽים</w><seg type="x-sof-pasuq">׃</seg>
        </verse>
        <verse osisID="Hab.3.18">
          <w lemma="c/589" n="1.0" morph="HC/Pp1cs" id="35xY3">וַ/אֲנִ֖י</w>
          <w lemma="b/3068" morph="HR/Np" id="35Zmd">בַּ/יהוָ֣ה</w>
          <w lemma="5937" n="1" morph="HVqh1cs" id="35Wyn">אֶעְל֑וֹזָה</w>
          <w lemma="1523" n="0.0" morph="HVqh1cs" id="35njg">אָגִ֖ילָה</w>
          <w lemma="b/430" morph="HR/Ncmpc" id="35L6G">בֵּ/אלֹהֵ֥י</w>
          <w lemma="3468" n="0" morph="HNcmsc/Sp1cs" id="35EDP">יִשְׁעִֽ/י</w><seg type="x-sof-pasuq">׃</seg>
        </verse>
        <verse osisID="Hab.3.19">
          <w lemma="3069" morph="HNp" id="35QUP">יְהוִ֤הּ</w>
          <note n="Q">Marks a place where we agree with BHQ against BHS in reading L. </note>
          <note n="n">Marks an anomalous form. </note>
          <note n="p">We read punctuation in L differently from BHS. </note>
          <w lemma="136" n="1.2.0" morph="HNcmpc/Sp1cs" id="35fv8">אֲדֹנָ/י֙</w>
          <w lemma="2428" n="1.2" morph="HNcmsc/Sp1cs" id="352SX">חֵילִ֔/י</w>
          <w lemma="c/7760 a" morph="HC/Vqw3ms" id="35pwZ">וַ/יָּ֤שֶׂם</w>
          <w lemma="7272" n="1.1.0" morph="HNcfdc/Sp1cs" id="35KKJ">רַגְלַ/י֙</w>
          <w lemma="k/355" n="1.1" morph="HRd/Ncfpa" id="35U9v">כָּֽ/אַיָּל֔וֹת</w>
          <w lemma="c/5921 a" morph="HC/R" id="353V4">וְ/עַ֥ל</w>
          <w lemma="1116" n="1.0" morph="HNcfpc/Sp1cs" id="35gJ1">בָּמוֹתַ֖/י</w>
          <w lemma="1869" n="1" morph="HVhi3ms/Sp1cs" id="35rWk">יַדְרִכֵ֑/נִי</w>
          <w lemma="l/5329" n="0.0" morph="HRd/Vprmsa" id="356gQ">לַ/מְנַצֵּ֖חַ</w>
          <w lemma="b/5058" n="0" morph="HR/Ncfpa" id="35mSF">בִּ/נְגִינוֹתָֽי</w><seg type="x-sof-pasuq">׃</seg>
        </verse>
      </chapter>
    </div>
  </osisText>
</osis>