<?xml version="1.0" encoding="UTF-8"?>
<osis xmlns="http://www.bibletechnologies.net/2003/OSIS/namespace" xmlns:xsi="http://www.w3.org/2001/XMLSchema-instance" xsi:schemaLocation="http://www.bibletechnologies.net/2003/OSIS/namespace http://www.bibletechnologies.net/osisCore.2.1.1.xsd">
  <osisText xml:lang="he" osisIDWork="OSHB" osisRefWork="Bible">
    <header>
      <revisionDesc resp="dt">
        <date>2017.12.10</date>
        <p>Release of full morphology</p>
      </revisionDesc>
      <revisionDesc resp="dt">
        <date>2016.03.03</date>
        <p>Updated to WLC version 4.20.</p>
      </revisionDesc>
      <revisionDesc resp="dt">
        <date>2013.12.11</date>
        <p>First release of morphology on selected portions.</p>
      </revisionDesc>
      <revisionDesc resp="dt">
        <date>2013.07.10</date>
        <p>Updated to WLC version 4.18.</p>
      </revisionDesc>
      <revisionDesc resp="dt">
        <date>2012.07.18</date>
        <p>Updated to WLC version 4.16.</p>
      </revisionDesc>
      <revisionDesc resp="dt">
        <date>2011.01.21</date>
        <p>Updated to WLC version 4.14.</p>
      </revisionDesc>
      <revisionDesc resp="dt">
        <date>2008.08.08</date>
        <p>Convert the Westminster Leningrad Codex files from TEI markup to OSIS book files.</p>
      </revisionDesc>
      <work osisWork="OSHB" xml:lang="he">
        <title>Open Scriptures Hebrew Bible</title>
        <contributor role="edt">Daniel Owens</contributor>
        <contributor role="edt">David Troidl</contributor>
        <date>2007.9.16</date>
        <identifier type="URL">https://github.com/openscriptures/morphhb</identifier>
        <rights type="x-BY">Creative Commons Attribution 4.0</rights>
        <refSystem>Bible.MT</refSystem>
      </work>
      <work osisWork="WLC" xml:lang="he">
        <title>Westminster Leningrad Codex</title>
        <contributor role="edt">Christopher V. Kimball</contributor>
        <date>2007.9.16</date>
        <identifier type="URL">http://www.tanach.us/Tanach.xml</identifier>
        <rights>Public Domain</rights>
        <refSystem>Bible.MT</refSystem>
      </work>
      <work osisWork="BHS" xml:lang="he">
        <title>BHS unaccented with Strongs</title>
        <contributor role="edt">Joseph Planeta</contributor>
        <contributor role="edt">Rev. Graham Nind</contributor>
        <description>Unaccented Biblia Hebraica Stuttgartensia Hebrew with Strong's numbers by Rev. Graham.</description>
        <identifier type="URL">http://www.faithofgod.net/</identifier>
        <identifier type="URL">http://www.grahamnind.dsl.pipex.com/files</identifier>
        <rights>Public Domain</rights>
      </work>
      <work osisWork="Strong" xml:lang="en">
        <title>A Concise Dictionary of the Words in the Hebrew Bible</title>
        <title type="sub">with their Renderings in the King James Version</title>
        <contributor role="edt">David Troidl</contributor>
        <contributor role="edt">David Instone-Brewer</contributor>
        <creator role="edt">James Strong, LL.D., S.T.D.</creator>
        <date>1894</date>
        <description resp="dib">The data came from several PD sources which were full of errors. I cleaned them by comparing them to each other and (where necessary) looking at the original.</description>
        <publisher>Hunt &amp; Eaton</publisher>
        <identifier type="URL">www.2LetterLookup.com</identifier>
        <source>The exhaustive concordance of the Bible:</source>
        <rights>Public Domain</rights>
        <refSystem>Dict.Strongs</refSystem>
      </work>
      <work osisWork="OSHM" xml:lang="en">
        <title>Open Scriptures Hebrew Morphology</title>
        <contributor role="ctb">Chapel Presson</contributor>
        <contributor role="ctb">Daniel Owens</contributor>
        <contributor role="ctb">David Troidl</contributor>
        <contributor role="ctb">Jesse Griffin</contributor>
        <contributor role="ctb">Andy Hubert</contributor>
        <contributor role="ctb">Angela Westmoreland</contributor>
        <contributor role="ctb">Grant Ailie</contributor>
        <contributor role="ctb">Joel Ruark</contributor>
        <contributor role="ctb">Kenny Hilliard</contributor>
        <contributor role="ctb">Luong Hao Tran</contributor>
        <contributor role="ctb">Nathan Wilson</contributor>
        <contributor role="ctb">Ryan Davis</contributor>
        <contributor role="ctb">Aaron Laws</contributor>
        <contributor role="ctb">Adam Nagelvoort</contributor>
        <contributor role="ctb">Adriel Ickler</contributor>
        <contributor role="ctb">Agus Santoso</contributor>
        <contributor role="ctb">Andy Hophd</contributor>
        <contributor role="ctb">Angelo Salais</contributor>
        <contributor role="ctb">Annie Jeong</contributor>
        <contributor role="ctb">Ariel Tidre Ferreira</contributor>
        <contributor role="ctb">Artsiom Vorsa</contributor>
        <contributor role="ctb">artyom vorsa</contributor>
        <contributor role="ctb">Ashley Whitlatch</contributor>
        <contributor role="ctb">Austen Dutton</contributor>
        <contributor role="ctb">Barry Smith</contributor>
        <contributor role="ctb">Ben Dwyer</contributor>
        <contributor role="ctb">Ben Wulpi</contributor>
        <contributor role="ctb">Benjamin Epstein</contributor>
        <contributor role="ctb">Bill Chaffin</contributor>
        <contributor role="ctb">Braxton Bogard</contributor>
        <contributor role="ctb">Bret Stewart</contributor>
        <contributor role="ctb">Bruce Taylor</contributor>
        <contributor role="ctb">Bryant Huang</contributor>
        <contributor role="ctb">Caleb Maclennan</contributor>
        <contributor role="ctb">chad buel</contributor>
        <contributor role="ctb">Chase Parkey</contributor>
        <contributor role="ctb">Cheryl Riddell</contributor>
        <contributor role="ctb">Chris McKirgan</contributor>
        <contributor role="ctb">Christof  Bucherer</contributor>
        <contributor role="ctb">ciro izzo</contributor>
        <contributor role="ctb">Clemens Gudenus</contributor>
        <contributor role="ctb">Cody Kingham</contributor>
        <contributor role="ctb">Cody Marceau</contributor>
        <contributor role="ctb">Collin Hatcher</contributor>
        <contributor role="ctb">Connie Andrews</contributor>
        <contributor role="ctb">Damien Riegel</contributor>
        <contributor role="ctb">Dan Simmons</contributor>
        <contributor role="ctb">Daniel Bowman</contributor>
        <contributor role="ctb">Danielle Pamela</contributor>
        <contributor role="ctb">Darla Nine</contributor>
        <contributor role="ctb">Darrell Smith</contributor>
        <contributor role="ctb">Dave Jones</contributor>
        <contributor role="ctb">Dave Whitman</contributor>
        <contributor role="ctb">David Carr</contributor>
        <contributor role="ctb">David Cohen</contributor>
        <contributor role="ctb">David Laycock</contributor>
        <contributor role="ctb">David Lewis</contributor>
        <contributor role="ctb">David Roth</contributor>
        <contributor role="ctb">David Uhrik</contributor>
        <contributor role="ctb">Diana Zhang</contributor>
        <contributor role="ctb">Diego Chaves</contributor>
        <contributor role="ctb">Dmitriy Kashelevskiy</contributor>
        <contributor role="ctb">doug hendren</contributor>
        <contributor role="ctb">Eddy Yates</contributor>
        <contributor role="ctb">Edgar Vorsa</contributor>
        <contributor role="ctb">Eduardo Martorano</contributor>
        <contributor role="ctb">Eiichi  Masuda </contributor>
        <contributor role="ctb">Eliezer Abreu</contributor>
        <contributor role="ctb">Eric Wong</contributor>
        <contributor role="ctb">Esther Dang</contributor>
        <contributor role="ctb">Ferenczi Kristof</contributor>
        <contributor role="ctb">Flavio Souza</contributor>
        <contributor role="ctb">Frederick Edelstein</contributor>
        <contributor role="ctb">Gantumur Luvsangombo</contributor>
        <contributor role="ctb">Gary Rickman</contributor>
        <contributor role="ctb">Geert Kok</contributor>
        <contributor role="ctb">Gerald Broadbent</contributor>
        <contributor role="ctb">Gergely Juhasz</contributor>
        <contributor role="ctb">Giancarlos Toro</contributor>
        <contributor role="ctb">Greg Walton</contributor>
        <contributor role="ctb">Hamidreza Hatamikasavand</contributor>
        <contributor role="ctb">Hector Molano</contributor>
        <contributor role="ctb">Hermanus Taute</contributor>
        <contributor role="ctb">hermon chan</contributor>
        <contributor role="ctb">Hyman Robles</contributor>
        <contributor role="ctb">Hyunsoo Yang</contributor>
        <contributor role="ctb">inhyuk lee</contributor>
        <contributor role="ctb">Israel Andrade</contributor>
        <contributor role="ctb">Israel Ruiz</contributor>
        <contributor role="ctb">Jack Weinbender</contributor>
        <contributor role="ctb">JaiHee Kwak</contributor>
        <contributor role="ctb">James Bejon</contributor>
        <contributor role="ctb">James Castell</contributor>
        <contributor role="ctb">James Cuenod</contributor>
        <contributor role="ctb">James Duguid</contributor>
        <contributor role="ctb">Jean veran</contributor>
        <contributor role="ctb">JeanJacques KRIEF</contributor>
        <contributor role="ctb">Jeff Goo</contributor>
        <contributor role="ctb">Jeong Jae Yoo</contributor>
        <contributor role="ctb">Jeremiah Myers</contributor>
        <contributor role="ctb">Jeremy Bullard</contributor>
        <contributor role="ctb">jessica jones</contributor>
        <contributor role="ctb">Jiri Richter</contributor>
        <contributor role="ctb">Joao Luis Fedel Goncalves</contributor>
        <contributor role="ctb">Joel Peeters</contributor>
        <contributor role="ctb">Joel Rubin</contributor>
        <contributor role="ctb">john knightley</contributor>
        <contributor role="ctb">John Mellison</contributor>
        <contributor role="ctb">John Studebaker</contributor>
        <contributor role="ctb">jonatas margiotta</contributor>
        <contributor role="ctb">Jonathan Walsh</contributor>
        <contributor role="ctb">jony clynn</contributor>
        <contributor role="ctb">Jose Martinez</contributor>
        <contributor role="ctb">joseph lee</contributor>
        <contributor role="ctb">Joseph Li</contributor>
        <contributor role="ctb">Joseph MICHEL</contributor>
        <contributor role="ctb">Judy Hendren</contributor>
        <contributor role="ctb">Julia Tang</contributor>
        <contributor role="ctb">Justin So</contributor>
        <contributor role="ctb">Juswaldy Jusman</contributor>
        <contributor role="ctb">Kap Soo LEE</contributor>
        <contributor role="ctb">Kara Bohall</contributor>
        <contributor role="ctb">Karel Jongeling</contributor>
        <contributor role="ctb">Kathy Scott</contributor>
        <contributor role="ctb">Keanan Bovie</contributor>
        <contributor role="ctb">Keith Hanson</contributor>
        <contributor role="ctb">Keith Kresge</contributor>
        <contributor role="ctb">Kevin Andersson</contributor>
        <contributor role="ctb">Kevin Johanson</contributor>
        <contributor role="ctb">Kevin Townsend</contributor>
        <contributor role="ctb">Kiriana Kingston</contributor>
        <contributor role="ctb">Laurentiu Gabriel Ionescu</contributor>
        <contributor role="ctb">LEE Arrington</contributor>
        <contributor role="ctb">Lee Bruckner</contributor>
        <contributor role="ctb">Len Clark</contributor>
        <contributor role="ctb">Leng Xiong</contributor>
        <contributor role="ctb">LENO VICTOR DE SANTANA</contributor>
        <contributor role="ctb">libor neuman</contributor>
        <contributor role="ctb">lisa lisa</contributor>
        <contributor role="ctb">M Cecil Dietz</contributor>
        <contributor role="ctb">Malkalain Greenwell</contributor>
        <contributor role="ctb">Marc Cordova</contributor>
        <contributor role="ctb">Marfeal Santiago</contributor>
        <contributor role="ctb">Marianne Szpilka</contributor>
        <contributor role="ctb">Martin Daly</contributor>
        <contributor role="ctb">Matan Bino</contributor>
        <contributor role="ctb">Matthew Schug</contributor>
        <contributor role="ctb">Max Pilo</contributor>
        <contributor role="ctb">Micahel Leong</contributor>
        <contributor role="ctb">Michael Fenn</contributor>
        <contributor role="ctb">Michael Nicholson</contributor>
        <contributor role="ctb">Miguel SANTOS</contributor>
        <contributor role="ctb">Mike Brown</contributor>
        <contributor role="ctb">mike fenn</contributor>
        <contributor role="ctb">mirlande amazan</contributor>
        <contributor role="ctb">Moongui Ulbrich</contributor>
        <contributor role="ctb">Napoleon Gasilan</contributor>
        <contributor role="ctb">Natashia Roy</contributor>
        <contributor role="ctb">Nathan Bierma</contributor>
        <contributor role="ctb">Nathan Lee</contributor>
        <contributor role="ctb">Nathan Wilson</contributor>
        <contributor role="ctb">Neil Cadman</contributor>
        <contributor role="ctb">Okyob Jeon</contributor>
        <contributor role="ctb">omer omer</contributor>
        <contributor role="ctb">Onur Yos</contributor>
        <contributor role="ctb">Paul Cook</contributor>
        <contributor role="ctb">Pete Myers</contributor>
        <contributor role="ctb">pete Norcross</contributor>
        <contributor role="ctb">Peter Erdodi</contributor>
        <contributor role="ctb">Peter Ho</contributor>
        <contributor role="ctb">peter zimonyi</contributor>
        <contributor role="ctb">Petr Miencil</contributor>
        <contributor role="ctb">Petr Vejmelka</contributor>
        <contributor role="ctb">phyl ma</contributor>
        <contributor role="ctb">ralph zak</contributor>
        <contributor role="ctb">Ramos Simanjuntak</contributor>
        <contributor role="ctb">Rebeca Martinez</contributor>
        <contributor role="ctb">Regina Hong</contributor>
        <contributor role="ctb">Rendhi Vianirio</contributor>
        <contributor role="ctb">Ricardo  Luiz Pinto</contributor>
        <contributor role="ctb">Richard Baker</contributor>
        <contributor role="ctb">Robert Berger</contributor>
        <contributor role="ctb">Robert Holmstedt</contributor>
        <contributor role="ctb">robert saunders</contributor>
        <contributor role="ctb">Roberta Potgieter</contributor>
        <contributor role="ctb">rocket fortyfive</contributor>
        <contributor role="ctb">Rodrigo Castro</contributor>
        <contributor role="ctb">Ross Tenneson</contributor>
        <contributor role="ctb">Ruairidh MacLean</contributor>
        <contributor role="ctb">Ruben Kraiem</contributor>
        <contributor role="ctb">Sebastien GOEURY</contributor>
        <contributor role="ctb">Shane Pimental</contributor>
        <contributor role="ctb">Sharon Hamel</contributor>
        <contributor role="ctb">Shawn Goodwin</contributor>
        <contributor role="ctb">shukai cheung</contributor>
        <contributor role="ctb">Siew GuoFen</contributor>
        <contributor role="ctb">silas army</contributor>
        <contributor role="ctb">Simon Pan</contributor>
        <contributor role="ctb">Sir Robert Burbridge</contributor>
        <contributor role="ctb">Soliman Hanna</contributor>
        <contributor role="ctb">Spyros Karalis</contributor>
        <contributor role="ctb">Stephen Durkee</contributor>
        <contributor role="ctb">Steve Beukema</contributor>
        <contributor role="ctb">SunGyo Kim</contributor>
        <contributor role="ctb">Talia  Smith</contributor>
        <contributor role="ctb">Thien Tran</contributor>
        <contributor role="ctb">Thierry Tchiakpe</contributor>
        <contributor role="ctb">tiago thorlby</contributor>
        <contributor role="ctb">Timothy Keiderling</contributor>
        <contributor role="ctb">timothy yeh</contributor>
        <contributor role="ctb">Todd Patterson</contributor>
        <contributor role="ctb">Toe Set</contributor>
        <contributor role="ctb">Tomas Uher</contributor>
        <contributor role="ctb">Troy Nelson</contributor>
        <contributor role="ctb">uriel arevalo</contributor>
        <contributor role="ctb">Vanda Bayer</contributor>
        <contributor role="ctb">Vladimir Polyanskia</contributor>
        <contributor role="ctb">w s</contributor>
        <contributor role="ctb">Wally Kimball</contributor>
        <contributor role="ctb">walt seevers</contributor>
        <contributor role="ctb">Wattanavadee Jitpakdee</contributor>
        <contributor role="ctb">Wayne Buchanan</contributor>
        <contributor role="ctb">Wellington Machado</contributor>
        <contributor role="ctb">Wendy Kwan</contributor>
        <contributor role="ctb">Wesley Walker</contributor>
        <contributor role="ctb">William Pak</contributor>
        <contributor role="ctb">william stewart</contributor>
        <contributor role="ctb">Xi Li</contributor>
        <contributor role="ctb">yasu shimizu</contributor>
        <contributor role="ctb">Yoo sung  Chang</contributor>
        <contributor role="ctb">zac rigsby</contributor>
        <contributor role="ctb">Zack Vera</contributor>
        <contributor role="ctb">zhishi Lin</contributor>
        <contributor role="ctb">Zsolt Jarai</contributor>
        <creator role="edt">Open Scriptures Hebrew Bible Project</creator>
        <date>2019.1.13</date>
        <identifier type="URL">https://github.com/openscriptures/morphhb</identifier>
        <rights type="x-BY">Creative Commons Attribution 4.0</rights>
        <refSystem>Dict.oshm</refSystem>
      </work>
      <workPrefix path="//w/@lemma" osisWork="Strong"/>
      <workPrefix path="//w/@morph" osisWork="OSHM"/>
    </header>
    <div type="book" osisID="Jonah">
      <chapter osisID="Jonah.1">
        <verse osisID="Jonah.1.1">
          <w lemma="c/1961" n="0.1.0" morph="HC/Vqw3ms" id="32xeN">וַֽ/יְהִי֙</w>
          <w lemma="1697" morph="HNcmsc" id="32Nvk">דְּבַר</w><seg type="x-maqqef">־</seg><w lemma="3068" n="0.1" morph="HNp" id="32TyA">יְהוָ֔ה</w>
          <w lemma="413" morph="HR" id="32vuQ">אֶל</w><seg type="x-maqqef">־</seg><w lemma="3124" morph="HNp" id="32TSc">יוֹנָ֥ה</w>
          <w lemma="1121 a" morph="HNcmsc" id="32k5P">בֶן</w><seg type="x-maqqef">־</seg><w lemma="573" n="0.0" morph="HNp" id="32nPh">אֲמִתַּ֖י</w>
          <w lemma="l/559" n="0" morph="HR/Vqc" id="32LN3">לֵ/אמֹֽר</w><seg type="x-sof-pasuq">׃</seg>
        </verse>
        <verse osisID="Jonah.1.2">
          <w lemma="6965 b" n="1.0.0.0" morph="HVqv2ms" id="32Qzf">ק֠וּם</w>
          <w lemma="3212" morph="HVqv2ms" id="32aPd">לֵ֧ךְ</w>
          <w lemma="413" morph="HR" id="32eYX">אֶל</w><seg type="x-maqqef">־</seg><w lemma="5210" n="1.0.0" morph="HNp" id="32C5U">נִֽינְוֵ֛ה</w>
          <w lemma="d/5892 b" morph="HTd/Ncfsa" id="32qNN">הָ/עִ֥יר</w>
          <w lemma="d/1419 a" n="1.0" morph="HTd/Aafsa" id="32EVS">הַ/גְּדוֹלָ֖ה</w>
          <w lemma="c/7121" morph="HC/Vqv2ms" id="32PB6">וּ/קְרָ֣א</w>
          <w lemma="5921 a" n="1" morph="HR/Sp3fs" id="3237c">עָלֶ֑י/הָ</w>
          <w lemma="3588 a" morph="HC" id="32x9c">כִּֽי</w><seg type="x-maqqef">־</seg><w lemma="5927" morph="HVqp3fs" id="32yNB">עָלְתָ֥ה</w>
          <w lemma="7451 c" n="0.0" morph="HNcfsc/Sp3mp" id="3229t">רָעָתָ֖/ם</w>
          <w lemma="l/6440" n="0" morph="HR/Ncbpc/Sp1cs" id="32KZG">לְ/פָנָֽ/י</w><seg type="x-sof-pasuq">׃</seg>
        </verse>
        <verse osisID="Jonah.1.3">
          <w lemma="c/6965 b" morph="HC/Vqw3ms" id="32TZE">וַ/יָּ֤קָם</w>
          <w lemma="3124" n="1.1.0" morph="HNp" id="32thY">יוֹנָה֙</w>
          <w lemma="l/1272" morph="HR/Vqc" id="32JM7">לִ/בְרֹ֣חַ</w>
          <w lemma="8659" n="1.1" morph="HNp/Sd" id="32fpo">תַּרְשִׁ֔ישָׁ/ה</w>
          <w lemma="m/l/6440" n="1.0" morph="HR/R/Ncbpc" id="32W26">מִ/לִּ/פְנֵ֖י</w>
          <w lemma="3068" n="1" morph="HNp" id="32yw4">יְהוָ֑ה</w>
          <w lemma="c/3381" morph="HC/Vqw3ms" id="32jbg">וַ/יֵּ֨רֶד</w>
          <w lemma="3305" n="0.1.2.1" morph="HNp" id="32USR">יָפ֜וֹ</w>
          <w lemma="c/4672" morph="HC/Vqw3ms" id="32v6U">וַ/יִּמְצָ֥א</w>
          <w lemma="591" n="0.1.2.0" morph="HNcfsa" id="325SS">אָנִיָּ֣ה</w>
          <seg type="x-paseq">׀</seg>
          <note n="U">We agree with both BHS 1997 and BHQ on an unexpected reading. </note>
          <w lemma="935" morph="HVqrfsa" id="32GzE">בָּאָ֣ה</w>
          <w lemma="8659" n="0.1.2" morph="HNp" id="32qCU">תַרְשִׁ֗ישׁ</w>
          <w lemma="c/5414" morph="HC/Vqw3ms" id="32g2y">וַ/יִּתֵּ֨ן</w>
          <w lemma="7939" n="0.1.1.0" morph="HNcmsc/Sp3fs" id="32jQb">שְׂכָרָ֜/הּ</w>
          <w lemma="c/3381" morph="HC/Vqw3ms" id="32794">וַ/יֵּ֤רֶד</w>
          <w lemma="b" n="0.1.1" morph="HR/Sp3fs" id="32CsU">בָּ/הּ֙</w>
          <w lemma="l/935" morph="HR/Vqc" id="32XR4">לָ/ב֤וֹא</w>
          <w lemma="5973 a" n="0.1.0" morph="HR/Sp3mp" id="32KvS">עִמָּ/הֶם֙</w>
          <w lemma="8659" n="0.1" morph="HNp/Sd" id="32dBc">תַּרְשִׁ֔ישָׁ/ה</w>
          <w lemma="m/l/6440" n="0.0" morph="HR/R/Ncbpc" id="32nAB">מִ/לִּ/פְנֵ֖י</w>
          <w lemma="3068" n="0" morph="HNp" id="32kfX">יְהוָֽה</w><seg type="x-sof-pasuq">׃</seg>
        </verse>
        <verse osisID="Jonah.1.4">
          <w lemma="c/3068" n="1.1.1" morph="HC/Np" id="32Wkf">וַֽ/יהוָ֗ה</w>
          <w lemma="2904" morph="HVhp3ms" id="32wrL">הֵטִ֤יל</w>
          <w lemma="7307" morph="HNcbsa" id="323TL">רֽוּחַ</w><seg type="x-maqqef">־</seg><w lemma="1419 a" n="1.1.0" morph="HAafsa" id="32LeN">גְּדוֹלָה֙</w>
          <w lemma="413" morph="HR" id="32sMn">אֶל</w><seg type="x-maqqef">־</seg><w lemma="d/3220" n="1.1" morph="HTd/Ncmsa" id="32Y3z">הַ/יָּ֔ם</w>
          <w lemma="c/1961" morph="HC/Vqw3ms" id="32NQN">וַ/יְהִ֥י</w>
          <w lemma="5591 a" morph="HNcmsa" id="32uLf">סַֽעַר</w><seg type="x-maqqef">־</seg><w lemma="1419 a" n="1.0" morph="HAamsa" id="32kA7">גָּד֖וֹל</w>
          <w lemma="b/3220" n="1" morph="HRd/Ncmsa" id="323TS">בַּ/יָּ֑ם</w>
          <w lemma="c/d/591" n="0.1" morph="HC/Td/Ncfsa" id="32NFp">וְ/הָ֣/אֳנִיָּ֔ה</w>
          <w lemma="2803" n="0.0" morph="HVpp3fs" id="327am">חִשְּׁבָ֖ה</w>
          <w lemma="l/7665" n="0" morph="HR/VNc" id="32hh7">לְ/הִשָּׁבֵֽר</w><seg type="x-sof-pasuq">׃</seg>
        </verse>
        <verse osisID="Jonah.1.5">
          <w lemma="c/3372" morph="HC/Vqw3mp" id="32BsK">וַ/יִּֽירְא֣וּ</w>
          <w lemma="d/4419" n="1.2.1" morph="HTd/Ncmpa" id="32fsu">הַ/מַּלָּחִ֗ים</w>
          <w lemma="c/2199" n="1.2.0" morph="HC/Vqw3mp" id="328M6">וַֽ/יִּזְעֲקוּ֮</w>
          <w lemma="376" morph="HNcmsa" id="32wM5">אִ֣ישׁ</w>
          <w lemma="413" morph="HR" id="32qty">אֶל</w><seg type="x-maqqef">־</seg><w lemma="430" n="1.2" morph="HNcmpc/Sp3ms" id="325gQ">אֱלֹהָי/ו֒</w>
          <w lemma="c/2904" morph="HC/Vhw3mp" id="32Xw6">וַ/יָּטִ֨לוּ</w>
          <w lemma="853" morph="HTo" id="32eHJ">אֶת</w><seg type="x-maqqef">־</seg><w lemma="d/3627" n="1.1.0.0" morph="HTd/Ncmpa" id="32H6L">הַ/כֵּלִ֜ים</w>
          <w lemma="834 a" morph="HTr" id="32bmv">אֲשֶׁ֤ר</w>
          <w lemma="b/591" n="1.1.0" morph="HRd/Ncfsa" id="32FV9">בָּֽ/אֳנִיָּה֙</w>
          <w lemma="413" morph="HR" id="32Xm1">אֶל</w><seg type="x-maqqef">־</seg><w lemma="d/3220" n="1.1" morph="HTd/Ncmsa" id="32UE6">הַ/יָּ֔ם</w>
          <w lemma="l/7043" n="1.0" morph="HR/Vhc" id="32goK">לְ/הָקֵ֖ל</w>
          <w lemma="m/5921 a" n="1" morph="HR/R/Sp3mp" id="32CyH">מֵֽ/עֲלֵי/הֶ֑ם</w>
          <w lemma="c/3124" n="0.1.1" morph="HC/Np" id="32A4a">וְ/יוֹנָ֗ה</w>
          <w lemma="3381" n="0.1.0" morph="HVqp3ms" id="325Pr">יָרַד֙</w>
          <w lemma="413" morph="HR" id="32L4k">אֶל</w><seg type="x-maqqef">־</seg><w lemma="3411" morph="HNcfdc" id="32Mnv">יַרְכְּתֵ֣י</w>
          <w lemma="d/5600" n="0.1" morph="HTd/Ncfsa" id="32mwU">הַ/סְּפִינָ֔ה</w>
          <w lemma="c/7901" n="0.0" morph="HC/Vqw3ms" id="32tKT">וַ/יִּשְׁכַּ֖ב</w>
          <w lemma="c/7290" n="0" morph="HC/VNw3ms" id="32NRT">וַ/יֵּרָדַֽם</w><seg type="x-sof-pasuq">׃</seg>
        </verse>
        <verse osisID="Jonah.1.6">
          <w lemma="c/7126" morph="HC/Vqw3ms" id="32sRU">וַ/יִּקְרַ֤ב</w>
          <w lemma="413" n="1.1.0" morph="HR/Sp3ms" id="32Wxq">אֵלָי/ו֙</w>
          <w lemma="7227 b" morph="HNcmsc" id="329qY">רַ֣ב</w>
          <w lemma="d/2259" n="1.1" morph="HTd/Ncmsa" id="32n5f">הַ/חֹבֵ֔ל</w>
          <w lemma="c/559" morph="HC/Vqw3ms" id="32YUq">וַ/יֹּ֥אמֶר</w>
          <w lemma="l" n="1.0" morph="HR/Sp3ms" id="32fQr">ל֖/וֹ</w>
          <w lemma="4100" morph="HTi" id="32L7t">מַה</w><seg type="x-maqqef">־</seg><w lemma="l" morph="HR/Sp2ms" id="32A74">לְּ/ךָ֣</w>
          <w lemma="7290" n="1" morph="HVNrmsa" id="32dNE">נִרְדָּ֑ם</w>
          <w lemma="6965 b" n="0.1.0" morph="HVqv2ms" id="32xdF">ק֚וּם</w>
          <w lemma="7121" morph="HVqv2ms" id="32AYg">קְרָ֣א</w>
          <w lemma="413" morph="HR" id="32Ls9">אֶל</w><seg type="x-maqqef">־</seg><w lemma="430" n="0.1" morph="HNcmpc/Sp2ms" id="32Snp">אֱלֹהֶ֔י/ךָ</w>
          <w lemma="194" n="0.0.0.0" morph="HD" id="3287B">אוּלַ֞י</w>
          <w lemma="6245 b" morph="HVti3ms" id="32nLp">יִתְעַשֵּׁ֧ת</w>
          <w lemma="d/430" n="0.0.0" morph="HTd/Ncmpa" id="32PzC">הָ/אֱלֹהִ֛ים</w>
          <w lemma="l" n="0.0" morph="HR/Sp1cp" id="32NPq">לָ֖/נוּ</w>
          <w lemma="c/3808" morph="HC/Tn" id="32d5m">וְ/לֹ֥א</w>
          <w lemma="6" n="0" morph="HVqi1cp" id="32BYa">נֹאבֵֽד</w><seg type="x-sof-pasuq">׃</seg>
        </verse>
        <verse osisID="Jonah.1.7">
          <w lemma="c/559" n="1.2.1.0" morph="HC/Vqw3mp" id="32LJh">וַ/יֹּאמְר֞וּ</w>
          <w lemma="376" morph="HNcmsa" id="32tRR">אִ֣ישׁ</w>
          <w lemma="413" morph="HR" id="32Q7E">אֶל</w><seg type="x-maqqef">־</seg><w lemma="7453" n="1.2.1" morph="HNcmsc/Sp3ms" id="32dv1">רֵעֵ֗/הוּ</w>
          <w lemma="3212" n="1.2.0" morph="HVqv2mp" id="32QwM">לְכוּ֙</w>
          <w lemma="c/5307" morph="HC/Vhh1cp" id="32a62">וְ/נַפִּ֣ילָה</w>
          <w lemma="1486" n="1.2" morph="HNcmpa" id="32KvD">גֽוֹרָל֔וֹת</w>
          <w lemma="c/3045" n="1.1" morph="HC/Vqh1cp" id="32GLz">וְ/נֵ֣דְעָ֔ה</w>
          <w lemma="b/s/l/4310" n="1.0.0" morph="HR/Tr/R/Ti" id="32BU7">בְּ/שֶׁ/לְּ/מִ֛י</w>
          <w lemma="d/7451 c" morph="HTd/Ncfsa" id="32iy2">הָ/רָעָ֥ה</w>
          <w lemma="d/2063" n="1.0" morph="HTd/Pdxfs" id="32zQ2">הַ/זֹּ֖את</w>
          <w lemma="l" n="1" morph="HR/Sp1cp" id="32Wxx">לָ֑/נוּ</w>
          <w lemma="c/5307" n="0.1.0" morph="HC/Vhw3mp" id="32jQ8">וַ/יַּפִּ֨לוּ֙</w>
          <w lemma="1486" n="0.1" morph="HNcmpa" id="32Haa">גּֽוֹרָל֔וֹת</w>
          <w lemma="c/5307" morph="HC/Vqw3ms" id="32fJN">וַ/יִּפֹּ֥ל</w>
          <w lemma="d/1486" n="0.0" morph="HTd/Ncmsa" id="329KV">הַ/גּוֹרָ֖ל</w>
          <w lemma="5921 a" morph="HR" id="32F1s">עַל</w><seg type="x-maqqef">־</seg><w lemma="3124" n="0" morph="HNp" id="32dns">יוֹנָֽה</w><seg type="x-sof-pasuq">׃</seg>
        </verse>
        <verse osisID="Jonah.1.8">
          <w lemma="c/559" morph="HC/Vqw3mp" id="32GK3">וַ/יֹּאמְר֣וּ</w>
          <w lemma="413" n="1.2" morph="HR/Sp3ms" id="32nRZ">אֵלָ֔י/ו</w>
          <w lemma="5046" morph="HVhv2ms/Sh" id="32cpb">הַגִּידָ/ה</w><seg type="x-maqqef">־</seg><w lemma="4994" morph="HTj" id="32zio">נָּ֣א</w>
          <w lemma="l" n="1.1" morph="HR/Sp1cp" id="32Qsh">לָ֔/נוּ</w>
          <w lemma="b/834 b" n="1.0.0" morph="HR/Tr" id="32zTj">בַּ/אֲשֶׁ֛ר</w>
          <w lemma="l/4310" morph="HR/Ti" id="32fPi">לְ/מִי</w><seg type="x-maqqef">־</seg><w lemma="d/7451 c" morph="HTd/Ncfsa" id="32GYe">הָ/רָעָ֥ה</w>
          <w lemma="d/2063" n="1.0" morph="HTd/Pdxfs" id="32Bbz">הַ/זֹּ֖את</w>
          <w lemma="l" n="1" morph="HR/Sp1cp" id="32VA9">לָ֑/נוּ</w>
          <w lemma="4100" morph="HTi" id="32fV3">מַה</w><seg type="x-maqqef">־</seg><w lemma="4399" n="0.2.0" morph="HNcfsc/Sp2ms" id="32Sov">מְּלַאכְתְּ/ךָ֙</w>
          <w lemma="c/m/370" morph="HC/R/Ti" id="32V27">וּ/מֵ/אַ֣יִן</w>
          <w lemma="935" n="0.2" morph="HVqi2ms" id="32ifp">תָּב֔וֹא</w>
          <w lemma="4100" morph="HTi" id="327ZG">מָ֣ה</w>
          <w lemma="776" n="0.1" morph="HNcbsc/Sp2ms" id="32B2d">אַרְצֶ֔/ךָ</w>
          <w lemma="c/335" morph="HC/Ti" id="32ewe">וְ/אֵֽי</w><seg type="x-maqqef">־</seg><w lemma="m/2088" morph="HR/Pdxms" id="32SV6">מִ/זֶּ֥ה</w>
          <w lemma="5971 a" n="0.0" morph="HNcmsa" id="32G83">עַ֖ם</w>
          <w lemma="859 a" n="0" morph="HPp2ms" id="32vzS">אָֽתָּה</w><seg type="x-sof-pasuq">׃</seg>
        </verse>
        <verse osisID="Jonah.1.9">
          <w lemma="c/559" morph="HC/Vqw3ms" id="32Gq9">וַ/יֹּ֥אמֶר</w>
          <w lemma="413" n="1.0" morph="HR/Sp3mp" id="323y8">אֲלֵי/הֶ֖ם</w>
          <w lemma="5680" morph="HNgmsa" id="32TXw">עִבְרִ֣י</w>
          <w lemma="595" n="1" morph="HPp1cs" id="32Y4K">אָנֹ֑כִי</w>
          <w lemma="c/853" morph="HC/To" id="32C32">וְ/אֶת</w><seg type="x-maqqef">־</seg><w lemma="3068" n="0.1.0.0" morph="HNp" id="32aMT">יְהוָ֞ה</w>
          <w lemma="430" morph="HNcmpc" id="32Cof">אֱלֹהֵ֤י</w>
          <w lemma="d/8064" n="0.1.0" morph="HTd/Ncmpa" id="32YWU">הַ/שָּׁמַ֨יִם֙</w>
          <w lemma="589" morph="HPp1cs" id="32rAQ">אֲנִ֣י</w>
          <w lemma="3373" n="0.1" morph="HVqp3ms" id="32fLi">יָרֵ֔א</w>
          <w lemma="834 a" morph="HTr" id="32Ptj">אֲשֶׁר</w><seg type="x-maqqef">־</seg><w lemma="6213 a" morph="HVqp3ms" id="32AJj">עָשָׂ֥ה</w>
          <w lemma="853" morph="HTo" id="329Hv">אֶת</w><seg type="x-maqqef">־</seg><w lemma="d/3220" n="0.0" morph="HTd/Ncmsa" id="32j1i">הַ/יָּ֖ם</w>
          <w lemma="c/853" morph="HC/To" id="32J9J">וְ/אֶת</w><seg type="x-maqqef">־</seg><w lemma="d/3004" n="0" morph="HTd/Ncfsa" id="32U4n">הַ/יַּבָּשָֽׁה</w><seg type="x-sof-pasuq">׃</seg>
        </verse>
        <verse osisID="Jonah.1.10">
          <w lemma="c/3372" morph="HC/Vqw3mp" id="322Kt">וַ/יִּֽירְא֤וּ</w>
          <w lemma="d/376" n="1.1.0" morph="HTd/Ncmpa" id="32RmH">הָֽ/אֲנָשִׁים֙</w>
          <w lemma="3373" morph="HNcfsa" id="32SWL">יִרְאָ֣ה</w>
          <w lemma="1419 a" n="1.1" morph="HAafsa" id="3275P">גְדוֹלָ֔ה</w>
          <w lemma="c/559" morph="HC/Vqw3mp" id="323Lj">וַ/יֹּאמְר֥וּ</w>
          <w lemma="413" n="1.0" morph="HR/Sp3ms" id="32Qa3">אֵלָ֖י/ו</w>
          <w lemma="4100" morph="HTi" id="32WTe">מַה</w><seg type="x-maqqef">־</seg><w lemma="2063" morph="HPdxfs" id="326VM">זֹּ֣את</w>
          <w lemma="6213 a" n="1" morph="HVqp2ms" id="32sKn">עָשִׂ֑יתָ</w>
          <w lemma="3588 a" morph="HC" id="32oAj">כִּֽי</w><seg type="x-maqqef">־</seg><w lemma="3045" morph="HVqp3cp" id="32AxB">יָדְע֣וּ</w>
          <w lemma="d/376" n="0.1.1" morph="HTd/Ncmpa" id="32Ap3">הָ/אֲנָשִׁ֗ים</w>
          <w lemma="3588 a" morph="HC" id="32CEu">כִּֽי</w><seg type="x-maqqef">־</seg><w lemma="m/l/6440" morph="HR/R/Ncbpc" id="32zpy">מִ/לִּ/פְנֵ֤י</w>
          <w lemma="3068" n="0.1.0" morph="HNp" id="32FiN">יְהוָה֙</w>
          <w lemma="1931" morph="HPp3ms" id="32cLk">ה֣וּא</w>
          <w lemma="1272" n="0.1" morph="HVqrmsa" id="3292v">בֹרֵ֔חַ</w>
          <w lemma="3588 a" morph="HC" id="32j63">כִּ֥י</w>
          <w lemma="5046" n="0.0" morph="HVhp3ms" id="32LFW">הִגִּ֖יד</w>
          <w lemma="l" n="0" morph="HR/Sp3mp" id="32FbT">לָ/הֶֽם</w><seg type="x-sof-pasuq">׃</seg>
        </verse>
        <verse osisID="Jonah.1.11">
          <w lemma="c/559" morph="HC/Vqw3mp" id="32Bx7">וַ/יֹּאמְר֤וּ</w>
          <w lemma="413" n="1.1.0" morph="HR/Sp3ms" id="32btu">אֵלָי/ו֙</w>
          <w lemma="4100" morph="HTi" id="32rTK">מַה</w><seg type="x-maqqef">־</seg><w lemma="6213 a" morph="HVqi1cp" id="32SHw">נַּ֣עֲשֶׂה</w>
          <w lemma="l" n="1.1" morph="HR/Sp2fs" id="32VuH">לָּ֔/ךְ</w>
          <w lemma="c/8367" morph="HC/Vqi3ms" id="32Axb">וְ/יִשְׁתֹּ֥ק</w>
          <w lemma="d/3220" n="1.0" morph="HTd/Ncmsa" id="32xva">הַ/יָּ֖ם</w>
          <w lemma="m/5921 a" n="1" morph="HR/R/Sp1cp" id="32NrT">מֵֽ/עָלֵ֑י/נוּ</w>
          <w lemma="3588 a" morph="HC" id="32iAD">כִּ֥י</w>
          <w lemma="d/3220" n="0.0" morph="HTd/Ncmsa" id="32372">הַ/יָּ֖ם</w>
          <w lemma="1980" morph="HVqrmsa" id="32FMU">הוֹלֵ֥ךְ</w>
          <w lemma="c/5590" n="0" morph="HC/Vqrmsa" id="32SaV">וְ/סֹעֵֽר</w><seg type="x-sof-pasuq">׃</seg>
        </verse>
        <verse osisID="Jonah.1.12">
          <w lemma="c/559" morph="HC/Vqw3ms" id="324W9">וַ/יֹּ֣אמֶר</w>
          <w lemma="413" n="1.1.1" morph="HR/Sp3mp" id="32MmM">אֲלֵי/הֶ֗ם</w>
          <w lemma="5375" n="1.1.0" morph="HVqv2mp/Sp1cs" id="32wJn">שָׂא֨וּ/נִי֙</w>
          <w lemma="c/2904" morph="HC/Vhv2mp/Sp1cs" id="32CQo">וַ/הֲטִילֻ֣/נִי</w>
          <w lemma="413" morph="HR" id="32XyU">אֶל</w><seg type="x-maqqef">־</seg><w lemma="d/3220" n="1.1" morph="HTd/Ncmsa" id="32BG4">הַ/יָּ֔ם</w>
          <w lemma="c/8367" morph="HC/Vqi3ms" id="32YHH">וְ/יִשְׁתֹּ֥ק</w>
          <w lemma="d/3220" n="1.0" morph="HTd/Ncmsa" id="32sHf">הַ/יָּ֖ם</w>
          <w lemma="m/5921 a" n="1" morph="HR/R/Sp2mp" id="32iee">מֵֽ/עֲלֵי/כֶ֑ם</w>
          <w lemma="3588 a" n="0.2.0" morph="HC" id="323eS">כִּ֚י</w>
          <w lemma="3045" morph="HVqrmsa" id="32ddd">יוֹדֵ֣עַ</w>
          <w lemma="589" n="0.2" morph="HPp1cs" id="32hxo">אָ֔נִי</w>
          <w lemma="3588 a" morph="HC" id="32TW6">כִּ֣י</w>
          <w lemma="b/s/l/7945" n="0.1" morph="HR/Tr/R/Sp1cs" id="32PVx">בְ/שֶׁ/לִּ֔/י</w>
          <w lemma="d/5591 a" morph="HTd/Ncmsa" id="32PGK">הַ/סַּ֧עַר</w>
          <w lemma="d/1419 a" n="0.0.0" morph="HTd/Aamsa" id="32U4a">הַ/גָּד֛וֹל</w>
          <w lemma="d/2088" n="0.0" morph="HTd/Pdxms" id="32dSQ">הַ/זֶּ֖ה</w>
          <w lemma="5921 a" n="0" morph="HR/Sp2mp" id="32Qbs">עֲלֵי/כֶֽם</w><seg type="x-sof-pasuq">׃</seg>
        </verse>
        <verse osisID="Jonah.1.13">
          <w lemma="c/2864" morph="HC/Vqw3mp" id="32ndZ">וַ/יַּחְתְּר֣וּ</w>
          <w lemma="d/376" n="1.0.1" morph="HTd/Ncmpa" id="32Xa1">הָ/אֲנָשִׁ֗ים</w>
          <w lemma="l/7725" n="1.0.0" morph="HR/Vhc" id="323yJ">לְ/הָשִׁ֛יב</w>
          <w lemma="413" morph="HR" id="32B6c">אֶל</w><seg type="x-maqqef">־</seg><w lemma="d/3004" n="1.0" morph="HTd/Ncfsa" id="32bju">הַ/יַּבָּשָׁ֖ה</w>
          <w lemma="c/3808" morph="HC/Tn" id="32cn3">וְ/לֹ֣א</w>
          <w lemma="3201" n="1" morph="HVqp3cp" id="327mS">יָכֹ֑לוּ</w>
          <w lemma="3588 a" morph="HC" id="32dJe">כִּ֣י</w>
          <w lemma="d/3220" n="0.1" morph="HTd/Ncmsa" id="32WvG">הַ/יָּ֔ם</w>
          <w lemma="1980" morph="HVqrmsa" id="32RXg">הוֹלֵ֥ךְ</w>
          <w lemma="c/5590" n="0.0" morph="HC/Vqrmsa" id="32pqY">וְ/סֹעֵ֖ר</w>
          <w lemma="5921 a" n="0" morph="HR/Sp3mp" id="32n9v">עֲלֵי/הֶֽם</w><seg type="x-sof-pasuq">׃</seg>
        </verse>
        <verse osisID="Jonah.1.14">
          <w lemma="c/7121" morph="HC/Vqw3mp" id="32gYe">וַ/יִּקְרְא֨וּ</w>
          <w lemma="413" morph="HR" id="32eXj">אֶל</w><seg type="x-maqqef">־</seg><w lemma="3068" n="1.1.3.0" morph="HNp" id="328ro">יְהוָ֜ה</w>
          <w lemma="c/559" n="1.1.3" morph="HC/Vqw3mp" id="32v5z">וַ/יֹּאמְר֗וּ</w>
          <w lemma="577" morph="HTj" id="32bCC">אָנָּ֤ה</w>
          <w lemma="3068" n="1.1.2" morph="HNp" id="326By">יְהוָה֙</w>
          <w lemma="408" morph="HTn" id="32CZB">אַל</w><seg type="x-maqqef">־</seg><w lemma="4994" morph="HTe" id="32VTb">נָ֣א</w>
          <w lemma="6" n="1.1.1" morph="HVqh1cp" id="326qf">נֹאבְדָ֗ה</w>
          <w lemma="b/5315" n="1.1.0" morph="HR/Ncbsc" id="32efz">בְּ/נֶ֨פֶשׁ֙</w>
          <w lemma="d/376" morph="HTd/Ncmsa" id="32QG5">הָ/אִ֣ישׁ</w>
          <w lemma="d/2088" n="1.1" morph="HTd/Pdxms" id="323k3">הַ/זֶּ֔ה</w>
          <w lemma="c/408" morph="HC/Tn" id="321rL">וְ/אַל</w><seg type="x-maqqef">־</seg><w lemma="5414" morph="HVqj2ms" id="32W2c">תִּתֵּ֥ן</w>
          <w lemma="5921 a" n="1.0" morph="HR/Sp1cp" id="32mL3">עָלֵ֖י/נוּ</w>
          <w lemma="1818" morph="HNcmsa" id="32zfc">דָּ֣ם</w>
          <w lemma="5355 b" n="1" morph="HAamsa" id="32sYp">נָקִ֑יא</w>
          <w lemma="3588 a" morph="HC" id="32GvF">כִּֽי</w><seg type="x-maqqef">־</seg><w lemma="859 a" morph="HPp2ms" id="32dAC">אַתָּ֣ה</w>
          <w lemma="3068" n="0.1" morph="HNp" id="32i4W">יְהוָ֔ה</w>
          <w lemma="k/834 d" morph="HR/Tr" id="32chR">כַּ/אֲשֶׁ֥ר</w>
          <w lemma="2654 a" n="0.0" morph="HVqp2ms" id="32Ddq">חָפַ֖צְתָּ</w>
          <w lemma="6213 a" n="0" morph="HVqp2ms" id="32dSp">עָשִֽׂיתָ</w><seg type="x-sof-pasuq">׃</seg>
        </verse>
        <verse osisID="Jonah.1.15">
          <w lemma="c/5375" n="1.1.0" morph="HC/Vqw3mp" id="32ecS">וַ/יִּשְׂאוּ֙</w>
          <w lemma="853" morph="HTo" id="322tG">אֶת</w><seg type="x-maqqef">־</seg><w lemma="3124" n="1.1" morph="HNp" id="32Xzm">יוֹנָ֔ה</w>
          <w lemma="c/2904" n="1.0" morph="HC/Vhw3mp/Sp3ms" id="32CCj">וַ/יְטִלֻ֖/הוּ</w>
          <w lemma="413" morph="HR" id="32gV8">אֶל</w><seg type="x-maqqef">־</seg><w lemma="d/3220" n="1" morph="HTd/Ncmsa" id="32Czz">הַ/יָּ֑ם</w>
          <w lemma="c/5975" morph="HC/Vqw3ms" id="32uXX">וַ/יַּעֲמֹ֥ד</w>
          <w lemma="d/3220" n="0.0" morph="HTd/Ncmsa" id="32xCL">הַ/יָּ֖ם</w>
          <w lemma="m/2197" n="0" morph="HR/Vqc/Sp3ms" id="32Qnr">מִ/זַּעְפּֽ/וֹ</w><seg type="x-sof-pasuq">׃</seg>
        </verse>
        <verse osisID="Jonah.1.16">
          <w lemma="c/3372" morph="HC/Vqw3mp" id="326kU">וַ/יִּֽירְא֧וּ</w>
          <w lemma="d/376" n="1.0.0" morph="HTd/Ncmpa" id="32qry">הָ/אֲנָשִׁ֛ים</w>
          <w lemma="3373" morph="HNcfsa" id="32bvP">יִרְאָ֥ה</w>
          <w lemma="1419 a" n="1.0" morph="HAafsa" id="32wjj">גְדוֹלָ֖ה</w>
          <w lemma="853" morph="HTo" id="32Tn7">אֶת</w><seg type="x-maqqef">־</seg><w lemma="3068" n="1" morph="HNp" id="32hEs">יְהוָ֑ה</w>
          <w lemma="c/2076" morph="HC/Vqw3mp" id="32xAF">וַ/יִּֽזְבְּחוּ</w><seg type="x-maqqef">־</seg><w lemma="2077" n="0.1.0" morph="HNcmsa" id="32qg1">זֶ֨בַח֙</w>
          <w lemma="l/3068" n="0.1" morph="HR/Np" id="326w9">לַֽ/יהוָ֔ה</w>
          <w lemma="c/5087" n="0.0" morph="HC/Vqw3mp" id="32wA4">וַֽ/יִּדְּר֖וּ</w>
          <w lemma="5088" n="0" morph="HNcmpa" id="32ibe">נְדָרִֽים</w><seg type="x-sof-pasuq">׃</seg>
        </verse>
      </chapter>
      <chapter osisID="Jonah.2">
        <verse osisID="Jonah.2.1">
          <note>KJV:Jonah.1.17</note>
          <w lemma="c/4487" morph="HC/Vpw3ms" id="32v8V">וַ/יְמַ֤ן</w>
          <w lemma="3068" n="1.1.0" morph="HNp" id="32T2S">יְהוָה֙</w>
          <w lemma="1709" morph="HNcmsa" id="32tkJ">דָּ֣ג</w>
          <w lemma="1419 a" n="1.1" morph="HAamsa" id="32EXL">גָּד֔וֹל</w>
          <w lemma="l/1104" n="1.0" morph="HR/Vqc" id="32ZPN">לִ/בְלֹ֖עַ</w>
          <w lemma="853" morph="HTo" id="32q1G">אֶת</w><seg type="x-maqqef">־</seg><w lemma="3124" n="1" morph="HNp" id="32bYD">יוֹנָ֑ה</w>
          <w lemma="c/1961" morph="HC/Vqw3ms" id="32v2F">וַ/יְהִ֤י</w>
          <w lemma="3124" n="0.1.0" morph="HNp" id="327vt">יוֹנָה֙</w>
          <w lemma="b/4578" morph="HR/Ncmpc" id="32kDm">בִּ/מְעֵ֣י</w>
          <w lemma="d/1709" n="0.1" morph="HTd/Ncmsa" id="32doW">הַ/דָּ֔ג</w>
          <w lemma="7969" morph="HAcmsa" id="32eRa">שְׁלֹשָׁ֥ה</w>
          <w lemma="3117" n="0.0" morph="HNcmpa" id="32kDf">יָמִ֖ים</w>
          <w lemma="c/7969" morph="HC/Acmsa" id="3263G">וּ/שְׁלֹשָׁ֥ה</w>
          <w lemma="3915" n="0" morph="HNcmpa" id="32WPn">לֵילֽוֹת</w><seg type="x-sof-pasuq">׃</seg>
        </verse>
        <verse osisID="Jonah.2.2">
          <note>KJV:Jonah.2.1</note>
          <w lemma="c/6419" morph="HC/Vtw3ms" id="321jv">וַ/יִּתְפַּלֵּ֣ל</w>
          <w lemma="3124" n="1.1" morph="HNp" id="32cK8">יוֹנָ֔ה</w>
          <w lemma="413" morph="HR" id="32DDb">אֶל</w><seg type="x-maqqef">־</seg><w lemma="3068" n="1.0" morph="HNp" id="32RCg">יְהוָ֖ה</w>
          <w lemma="430" n="1" morph="HNcmpc/Sp3ms" id="325KE">אֱלֹהָ֑י/ו</w>
          <w lemma="m/4578" n="0.0" morph="HR/Ncmpc" id="32qVd">מִ/מְּעֵ֖י</w>
          <w lemma="d/1710" n="0" morph="HTd/Ncfsa" id="32koG">הַ/דָּגָֽה</w><seg type="x-sof-pasuq">׃</seg>
        </verse>
        <verse osisID="Jonah.2.3">
          <note>KJV:Jonah.2.2</note>
          <w lemma="c/559" n="1.0.1" morph="HC/Vqw3ms" id="32e6B">וַ/יֹּ֗אמֶר</w>
          <w lemma="7121" n="1.0.0.0" morph="HVqp1cs" id="328GY">קָ֠רָאתִי</w>
          <w lemma="m/6869 b" morph="HR/Ncfsa" id="32GpK">מִ/צָּ֥רָה</w>
          <w lemma="l" n="1.0.0" morph="HR/Sp1cs" id="3268C">לִ֛/י</w>
          <w lemma="413" morph="HR" id="32CMz">אֶל</w><seg type="x-maqqef">־</seg><w lemma="3068" n="1.0" morph="HNp" id="32D4c">יְהוָ֖ה</w>
          <w lemma="c/6030 b" n="1" morph="HC/Vqw3ms/Sp1cs" id="32ta1">וַֽ/יַּעֲנֵ֑/נִי</w>
          <w lemma="m/990" morph="HR/Ncfsc" id="32JnD">מִ/בֶּ֧טֶן</w>
          <w lemma="7585" n="0.0.0" morph="HNp" id="32jfz">שְׁא֛וֹל</w>
          <w lemma="7768" n="0.0" morph="HVpp1cs" id="32ErQ">שִׁוַּ֖עְתִּי</w>
          <w lemma="8085" morph="HVqp2ms" id="324fv">שָׁמַ֥עְתָּ</w>
          <w lemma="6963 a" n="0" morph="HNcmsc/Sp1cs" id="32yDv">קוֹלִֽ/י</w><seg type="x-sof-pasuq">׃</seg>
        </verse>
        <verse osisID="Jonah.2.4">
          <note>KJV:Jonah.2.3</note>
          <w lemma="c/7993" morph="HC/Vhw2ms/Sp1cs" id="32jyT">וַ/תַּשְׁלִיכֵ֤/נִי</w>
          <w lemma="4688" n="1.1.0" morph="HNcfsa" id="32Unh">מְצוּלָה֙</w>
          <w lemma="b/3824" morph="HR/Ncmsc" id="32QH2">בִּ/לְבַ֣ב</w>
          <w lemma="3220" n="1.1" morph="HNcmpa" id="32xxn">יַמִּ֔ים</w>
          <w lemma="c/5104" n="1.0" morph="HR/Ncmsa" id="32ou4">וְ/נָהָ֖ר</w>
          <w lemma="5437" n="1" morph="HVmi3ms/Sp1cs" id="323KZ">יְסֹבְבֵ֑/נִי</w>
          <w lemma="3605" morph="HNcmsc" id="32jNE">כָּל</w><seg type="x-maqqef">־</seg><w lemma="4867" morph="HNcmpc/Sp2ms" id="32hj3">מִשְׁבָּרֶ֥י/ךָ</w>
          <w lemma="c/1530" n="0.0" morph="HC/Ncmpc/Sp2ms" id="32iDs">וְ/גַלֶּ֖י/ךָ</w>
          <w lemma="5921 a" morph="HR/Sp1cs" id="326Lo">עָלַ֥/י</w>
          <w lemma="5674 a" n="0" morph="HVqp3cp" id="32JZq">עָבָֽרוּ</w><seg type="x-sof-pasuq">׃</seg>
        </verse>
        <verse osisID="Jonah.2.5">
          <note>KJV:Jonah.2.4</note>
          <w lemma="c/589" morph="HC/Pp1cs" id="32ZpQ">וַ/אֲנִ֣י</w>
          <w lemma="559" n="1.1" morph="HVqp1cs" id="329gS">אָמַ֔רְתִּי</w>
          <w lemma="1644" n="1.0" morph="HVNp1cs" id="32LAe">נִגְרַ֖שְׁתִּי</w>
          <w lemma="m/5048" morph="HR/R" id="32qK3">מִ/נֶּ֣גֶד</w>
          <w lemma="5869 a" n="1" morph="HNcbdc/Sp2ms" id="321Cv">עֵינֶ֑י/ךָ</w>
          <w lemma="389" n="0.1.0" morph="HTa" id="32PBQ">אַ֚ךְ</w>
          <w lemma="3254" morph="HVhi1cs" id="32mr5">אוֹסִ֣יף</w>
          <w lemma="l/5027" n="0.1" morph="HR/Vhc" id="32QDu">לְ/הַבִּ֔יט</w>
          <w lemma="413" morph="HR" id="32PbY">אֶל</w><seg type="x-maqqef">־</seg><w lemma="1964" n="0.0" morph="HNcmsc" id="32Ew6">הֵיכַ֖ל</w>
          <w lemma="6944" n="0" morph="HNcmsc/Sp2ms" id="3274R">קָדְשֶֽׁ/ךָ</w><seg type="x-sof-pasuq">׃</seg>
        </verse>
        <verse osisID="Jonah.2.6">
          <note>KJV:Jonah.2.5</note>
          <w lemma="661" morph="HVqp3cp/Sp1cs" id="326zt">אֲפָפ֤וּ/נִי</w>
          <w lemma="4325" n="1.1.0" morph="HNcmpa" id="32zEm">מַ֨יִם֙</w>
          <w lemma="5704" morph="HR" id="322dm">עַד</w><seg type="x-maqqef">־</seg><w lemma="5315" n="1.1" morph="HNcbsa" id="32uYh">נֶ֔פֶשׁ</w>
          <w lemma="8415" n="1.0" morph="HNcbsa" id="32YxK">תְּה֖וֹם</w>
          <w lemma="5437" n="1" morph="HVmi3ms/Sp1cs" id="32aSJ">יְסֹבְבֵ֑/נִי</w>
          <w lemma="5488" n="0.0" morph="HNcmsa" id="32Kz2">ס֖וּף</w>
          <w lemma="2280" morph="HVqsmsa" id="32YhQ">חָב֥וּשׁ</w>
          <w lemma="l/7218 a" n="0" morph="HR/Ncmsc/Sp1cs" id="32azZ">לְ/רֹאשִֽׁ/י</w><seg type="x-sof-pasuq">׃</seg>
        </verse>
        <verse osisID="Jonah.2.7">
          <note>KJV:Jonah.2.6</note>
          <w lemma="l/7095" morph="HR/Ncmpc" id="32oiy">לְ/קִצְבֵ֤י</w>
          <w lemma="2022" n="1.1.0" morph="HNcmpa" id="32gPX">הָרִים֙</w>
          <w lemma="3381" n="1.1" morph="HVqp1cs" id="32gtq">יָרַ֔דְתִּי</w>
          <w lemma="d/776" n="1.0.0" morph="HTd/Ncbsa" id="32HSQ">הָ/אָ֛רֶץ</w>
          <w lemma="1280" morph="HNcmpc/Sp3fs" id="32fbB">בְּרִחֶ֥י/הָ</w>
          <w lemma="1157" n="1.0" morph="HR/Sp1cs" id="32k1L">בַעֲדִ֖/י</w>
          <w lemma="l/5769" n="1" morph="HR/Ncmsa" id="322tS">לְ/עוֹלָ֑ם</w>
          <w lemma="c/5927" morph="HC/Vhw2ms" id="32EVu">וַ/תַּ֧עַל</w>
          <w lemma="m/7845" n="0.0.0" morph="HR/Ncfsa" id="32ygU">מִ/שַּׁ֛חַת</w>
          <w lemma="2416 e" n="0.0" morph="HNcmpc/Sp1cs" id="32swV">חַיַּ֖/י</w>
          <w lemma="3068" morph="HNp" id="32HjU">יְהוָ֥ה</w>
          <w lemma="430" n="0" morph="HNcmpc/Sp1cs" id="32d3U">אֱלֹהָֽ/י</w><seg type="x-sof-pasuq">׃</seg>
        </verse>
        <verse osisID="Jonah.2.8">
          <note>KJV:Jonah.2.7</note>
          <w lemma="b/5848 c" morph="HR/Vtc" id="32NtK">בְּ/הִתְעַטֵּ֤ף</w>
          <w lemma="5921 a" n="1.1.0" morph="HR/Sp1cs" id="32U94">עָלַ/י֙</w>
          <w lemma="5315" n="1.1" morph="HNcbsc/Sp1cs" id="32zqr">נַפְשִׁ֔/י</w>
          <w lemma="853" morph="HTo" id="326JA">אֶת</w><seg type="x-maqqef">־</seg><w lemma="3068" n="1.0" morph="HNp" id="32JyD">יְהוָ֖ה</w>
          <w lemma="2142" n="1" morph="HVqp1cs" id="32jjy">זָכָ֑רְתִּי</w>
          <w lemma="c/935" morph="HC/Vqw3fs" id="3279E">וַ/תָּב֤וֹא</w>
          <w lemma="413" n="0.1.0" morph="HR/Sp2ms" id="32Zuo">אֵלֶ֨י/ךָ֙</w>
          <w lemma="8605" n="0.1" morph="HNcfsc/Sp1cs" id="32LXS">תְּפִלָּתִ֔/י</w>
          <w lemma="413" morph="HR" id="32mR4">אֶל</w><seg type="x-maqqef">־</seg><w lemma="1964" n="0.0" morph="HNcmsc" id="32MC8">הֵיכַ֖ל</w>
          <w lemma="6944" n="0" morph="HNcmsc/Sp2ms" id="32BnR">קָדְשֶֽׁ/ךָ</w><seg type="x-sof-pasuq">׃</seg>
        </verse>
        <verse osisID="Jonah.2.9">
          <note>KJV:Jonah.2.8</note>
          <w lemma="8104" n="1.0" morph="HVprmpa" id="32PUg">מְשַׁמְּרִ֖ים</w>
          <w lemma="1892" morph="HNcmpc" id="32pUN">הַבְלֵי</w><seg type="x-maqqef">־</seg><w lemma="7723" n="1" morph="HNcmsa" id="32gc8">שָׁ֑וְא</w>
          <w lemma="2617 a" n="0.0" morph="HNcmsc/Sp3mp" id="32Lsp">חַסְדָּ֖/ם</w>
          <w lemma="5800 a" n="0" morph="HVqi3mp" id="32SAE">יַעֲזֹֽבוּ</w><seg type="x-sof-pasuq">׃</seg>
        </verse>
        <verse osisID="Jonah.2.10">
          <note>KJV:Jonah.2.9</note>
          <w lemma="c/589" n="1.1.1" morph="HC/Pp1cs" id="323gY">וַ/אֲנִ֗י</w>
          <w lemma="b/6963 a" morph="HR/Ncmsc" id="32RuM">בְּ/ק֤וֹל</w>
          <w lemma="8426" n="1.1.0" morph="HNcfsa" id="32WFU">תּוֹדָה֙</w>
          <w lemma="2076" morph="HVqh1cs" id="32BJv">אֶזְבְּחָה</w><seg type="x-maqqef">־</seg><w lemma="l" n="1.1" morph="HR/Sp2fs" id="32ExP">לָּ֔/ךְ</w>
          <w lemma="834 a" morph="HTr" id="32ypu">אֲשֶׁ֥ר</w>
          <w lemma="5087" n="1.0" morph="HVqp1cs" id="32mP3">נָדַ֖רְתִּי</w>
          <w lemma="7999 a" n="1" morph="HVph1cs" id="32V8b">אֲשַׁלֵּ֑מָה</w>
          <w lemma="3444" n="0.0" morph="HNcfsa/Sh" id="32suQ">יְשׁוּעָ֖תָ/ה</w>
          <w lemma="l/3068" n="0" morph="HR/Np" id="321Su">לַ/יהוָֽה</w><seg type="x-sof-pasuq">׃</seg>
          <seg type="x-samekh">ס</seg>
        </verse>
        <verse osisID="Jonah.2.11">
          <note>KJV:Jonah.2.10</note>
          <w lemma="c/559" morph="HC/Vqw3ms" id="32MEz">וַ/יֹּ֥אמֶר</w>
          <w lemma="3068" n="1.0" morph="HNp" id="32Q2u">יְהוָ֖ה</w>
          <w lemma="l/1709" n="1" morph="HRd/Ncmsa" id="32yT5">לַ/דָּ֑ג</w>
          <w lemma="c/6958" morph="HC/Vhw3ms" id="32b5Q">וַ/יָּקֵ֥א</w>
          <w lemma="853" morph="HTo" id="32F88">אֶת</w><seg type="x-maqqef">־</seg><w lemma="3124" n="0.0" morph="HNp" id="32AXb">יוֹנָ֖ה</w>
          <w lemma="413" morph="HR" id="32Wjz">אֶל</w><seg type="x-maqqef">־</seg><w lemma="d/3004" n="0" morph="HTd/Ncfsa" id="32bPJ">הַ/יַּבָּשָֽׁה</w><seg type="x-sof-pasuq">׃</seg>
          <seg type="x-pe">פ</seg>
        </verse>
      </chapter>
      <chapter osisID="Jonah.3">
        <verse osisID="Jonah.3.1">
          <w lemma="c/1961" morph="HC/Vqw3ms" id="32hS1">וַ/יְהִ֧י</w>
          <w lemma="1697" morph="HNcmsc" id="32h53">דְבַר</w><seg type="x-maqqef">־</seg><w lemma="3068" n="0.0.0" morph="HNp" id="32vpK">יְהוָ֛ה</w>
          <w lemma="413" morph="HR" id="32G6E">אֶל</w><seg type="x-maqqef">־</seg><w lemma="3124" n="0.0" morph="HNp" id="324vX">יוֹנָ֖ה</w>
          <w lemma="8145" morph="HAofsa" id="32X1R">שֵׁנִ֥ית</w>
          <w lemma="l/559" n="0" morph="HR/Vqc" id="32bsu">לֵ/אמֹֽר</w><seg type="x-sof-pasuq">׃</seg>
        </verse>
        <verse osisID="Jonah.3.2">
          <w lemma="6965 b" n="1.0.0" morph="HVqv2ms" id="32Ygn">ק֛וּם</w>
          <w lemma="3212" morph="HVqv2ms" id="322gM">לֵ֥ךְ</w>
          <w lemma="413" morph="HR" id="32pAw">אֶל</w><seg type="x-maqqef">־</seg><w lemma="5210" n="1.0" morph="HNp" id="32mVV">נִֽינְוֵ֖ה</w>
          <w lemma="d/5892 b" morph="HTd/Ncfsa" id="32FMa">הָ/עִ֣יר</w>
          <w lemma="d/1419 a" n="1" morph="HTd/Aafsa" id="32KPU">הַ/גְּדוֹלָ֑ה</w>
          <w lemma="c/7121" morph="HC/Vqv2ms" id="32ki2">וִּ/קְרָ֤א</w>
          <note n="U">We agree with both BHS 1997 and BHQ on an unexpected reading. </note>
          <w lemma="413" n="0.1.0" morph="HR/Sp3fs" id="325pZ">אֵלֶ֨י/הָ֙</w>
          <w lemma="853" morph="HTo" id="32HWo">אֶת</w><seg type="x-maqqef">־</seg><w lemma="d/7150" n="0.1" morph="HTd/Ncfsa" id="32zkA">הַ/קְּרִיאָ֔ה</w>
          <w lemma="834 a" morph="HTr" id="32JMT">אֲשֶׁ֥ר</w>
          <w lemma="595" n="0.0" morph="HPp1cs" id="32jEX">אָנֹכִ֖י</w>
          <w lemma="1696" morph="HVqrmsa" id="32uUA">דֹּבֵ֥ר</w>
          <w lemma="413" n="0" morph="HR/Sp2ms" id="32tKf">אֵלֶֽי/ךָ</w><seg type="x-sof-pasuq">׃</seg>
        </verse>
        <verse osisID="Jonah.3.3">
          <w lemma="c/6965 b" morph="HC/Vqw3ms" id="32awE">וַ/יָּ֣קָם</w>
          <w lemma="3124" n="1.0.1" morph="HNp" id="32yNT">יוֹנָ֗ה</w>
          <w lemma="c/3212" n="1.0.0" morph="HC/Vqw3ms" id="32Azu">וַ/יֵּ֛לֶךְ</w>
          <w lemma="413" morph="HR" id="32884">אֶל</w><seg type="x-maqqef">־</seg><w lemma="5210" n="1.0" morph="HNp" id="32XMu">נִֽינְוֶ֖ה</w>
          <note n="U">We agree with both BHS 1997 and BHQ on an unexpected reading. </note>
          <w lemma="k/1697" morph="HR/Ncmsc" id="32mrn">כִּ/דְבַ֣ר</w>
          <w lemma="3068" n="1" morph="HNp" id="32Xh9">יְהוָ֑ה</w>
          <w lemma="c/5210" n="0.1.1" morph="HC/Np" id="32D3a">וְ/נִֽינְוֵ֗ה</w>
          <w lemma="1961" morph="HVqp3fs" id="32wEr">הָיְתָ֤ה</w>
          <w lemma="5892 b" morph="HNcfsa" id="32Rvc">עִיר</w><seg type="x-maqqef">־</seg><w lemma="1419 a" n="0.1.0" morph="HAafsa" id="32c6V">גְּדוֹלָה֙</w>
          <w lemma="l/430" n="0.1" morph="HR/Ncmpa" id="328eM">לֵֽ/אלֹהִ֔ים</w>
          <w lemma="4109" n="0.0" morph="HNcmsc" id="32xkK">מַהֲלַ֖ךְ</w>
          <w lemma="7969" morph="HAcmsc" id="32rGa">שְׁלֹ֥שֶׁת</w>
          <w lemma="3117" n="0" morph="HNcmpa" id="32fp1">יָמִֽים</w><seg type="x-sof-pasuq">׃</seg>
        </verse>
        <verse osisID="Jonah.3.4">
          <w lemma="c/2490 c" morph="HC/Vhw3ms" id="32Y9g">וַ/יָּ֤חֶל</w>
          <w lemma="3124" n="1.1.0" morph="HNp" id="32mGU">יוֹנָה֙</w>
          <w lemma="l/935" morph="HR/Vqc" id="32gBW">לָ/ב֣וֹא</w>
          <w lemma="b/5892 b" n="1.1" morph="HRd/Ncfsa" id="32eLD">בָ/עִ֔יר</w>
          <w lemma="4109" n="1.0" morph="HNcmsc" id="3293F">מַהֲלַ֖ךְ</w>
          <w lemma="3117" morph="HNcmsa" id="32eyL">י֣וֹם</w>
          <w lemma="259" n="1" morph="HAcmsa" id="32pm7">אֶחָ֑ד</w>
          <w lemma="c/7121" n="0.2.0" morph="HC/Vqw3ms" id="32teU">וַ/יִּקְרָא֙</w>
          <w lemma="c/559" n="0.2" morph="HC/Vqw3ms" id="32c58">וַ/יֹּאמַ֔ר</w>
          <w lemma="5750" n="0.1.0" morph="HD" id="32MRA">ע֚וֹד</w>
          <w lemma="705" morph="HAcbpa" id="32xp4">אַרְבָּעִ֣ים</w>
          <w lemma="3117" n="0.1" morph="HNcmsa" id="32Hki">י֔וֹם</w>
          <w lemma="c/5210" n="0.0" morph="HC/Np" id="32QvZ">וְ/נִֽינְוֵ֖ה</w>
          <w lemma="2015" n="0" morph="HVNrfsa" id="32S38">נֶהְפָּֽכֶת</w><seg type="x-sof-pasuq">׃</seg>
        </verse>
        <verse osisID="Jonah.3.5">
          <w lemma="c/539" n="1.0.0" morph="HC/Vhw3mp" id="32eN1">וַֽ/יַּאֲמִ֛ינוּ</w>
          <w lemma="376" morph="HNcmpc" id="32HoD">אַנְשֵׁ֥י</w>
          <w lemma="5210" n="1.0" morph="HNp" id="32P5s">נִֽינְוֵ֖ה</w>
          <w lemma="b/430" n="1" morph="HR/Ncmpa" id="325QX">בֵּֽ/אלֹהִ֑ים</w>
          <w lemma="c/7121" morph="HC/Vqw3mp" id="32Mxy">וַ/יִּקְרְאוּ</w><seg type="x-maqqef">־</seg><w lemma="6685" n="0.1.0" morph="HNcmsa" id="32w6u">צוֹם֙</w>
          <w lemma="c/3847" morph="HC/Vqw3mp" id="32e3z">וַ/יִּלְבְּשׁ֣וּ</w>
          <w lemma="8242" n="0.1" morph="HNcmpa" id="322c6">שַׂקִּ֔ים</w>
          <w lemma="m/1419 a" n="0.0" morph="HR/Aamsc/Sp3mp" id="323RL">מִ/גְּדוֹלָ֖/ם</w>
          <w lemma="c/5704" morph="HR/R" id="32JUf">וְ/עַד</w><seg type="x-maqqef">־</seg><w lemma="6996 a" n="0" morph="HAamsc/Sp3mp" id="32ce9">קְטַנָּֽ/ם</w><seg type="x-sof-pasuq">׃</seg>
        </verse>
        <verse osisID="Jonah.3.6">
          <w lemma="c/5060" morph="HC/Vqw3ms" id="32dPK">וַ/יִּגַּ֤ע</w>
          <w lemma="d/1697" n="1.2.0" morph="HTd/Ncmsa" id="32vLv">הַ/דָּבָר֙</w>
          <w lemma="413" morph="HR" id="32UrG">אֶל</w><seg type="x-maqqef">־</seg><w lemma="4428" morph="HNcmsc" id="32Sxc">מֶ֣לֶך</w>
          <note n="U">We agree with both BHS 1997 and BHQ on an unexpected reading. </note>
          <w lemma="5210" n="1.2" morph="HNp" id="32xwN">נִֽינְוֵ֔ה</w>
          <w lemma="c/6965 b" n="1.1.0" morph="HC/Vqw3ms" id="32GjY">וַ/יָּ֨קָם֙</w>
          <w lemma="m/3678" n="1.1" morph="HR/Ncmsc/Sp3ms" id="32KNo">מִ/כִּסְא֔/וֹ</w>
          <w lemma="c/5674 a" morph="HC/Vhw3ms" id="32NLD">וַ/יַּעֲבֵ֥ר</w>
          <w lemma="155" n="1.0" morph="HNcfsc/Sp3ms" id="32GUh">אַדַּרְתּ֖/וֹ</w>
          <w lemma="m/5921 a" n="1" morph="HR/R/Sp3ms" id="325aF">מֵֽ/עָלָ֑י/ו</w>
          <w lemma="c/3680" morph="HC/Vpw3ms" id="32taY">וַ/יְכַ֣ס</w>
          <w lemma="8242" n="0.1" morph="HNcmsa" id="32EZz">שַׂ֔ק</w>
          <w lemma="c/3427" n="0.0" morph="HC/Vqw3ms" id="32Hnw">וַ/יֵּ֖שֶׁב</w>
          <w lemma="5921 a" morph="HR" id="32pXi">עַל</w><seg type="x-maqqef">־</seg><w lemma="d/665" n="0" morph="HTd/Ncmsa" id="32Nq4">הָ/אֵֽפֶר</w><seg type="x-sof-pasuq">׃</seg>
        </verse>
        <verse osisID="Jonah.3.7">
          <w lemma="c/2199" n="1.1.1" morph="HC/Vhw3ms" id="32rZH">וַ/יַּזְעֵ֗ק</w>
          <w lemma="c/559" n="1.1.0" morph="HC/Vqw3ms" id="32GtT">וַ/יֹּ֨אמֶר֙</w>
          <w lemma="b/5210" n="1.1" morph="HR/Np" id="32kwz">בְּ/נִֽינְוֵ֔ה</w>
          <w lemma="m/2940" morph="HR/Ncmsc" id="32tc4">מִ/טַּ֧עַם</w>
          <w lemma="d/4428" n="1.0.0" morph="HTd/Ncmsa" id="32CMD">הַ/מֶּ֛לֶךְ</w>
          <w lemma="c/1419 a" n="1.0" morph="HC/Aampc/Sp3ms" id="325eq">וּ/גְדֹלָ֖י/ו</w>
          <w lemma="l/559" n="1" morph="HR/Vqc" id="32Cj2">לֵ/אמֹ֑ר</w>
          <w lemma="d/120" morph="HTd/Ncmsa" id="32Ttm">הָ/אָדָ֨ם</w>
          <w lemma="c/d/929" n="0.2.1.0" morph="HC/Td/Ncfsa" id="326Vi">וְ/הַ/בְּהֵמָ֜ה</w>
          <w lemma="d/1241" morph="HTd/Ncbsa" id="32V8W">הַ/בָּקָ֣ר</w>
          <w lemma="c/d/6629" n="0.2.1" morph="HC/Td/Ncbsa" id="32zg2">וְ/הַ/צֹּ֗אן</w>
          <w lemma="408" morph="HTn" id="32gXh">אַֽל</w><seg type="x-maqqef">־</seg><w lemma="2938" n="0.2.0" morph="HVqj3mp" id="323iR">יִטְעֲמוּ֙</w>
          <w lemma="3972" n="0.2" morph="HNcfsa" id="32RoG">מְא֔וּמָה</w>
          <w lemma="408" morph="HTn" id="32jP7">אַ֨ל</w><seg type="x-maqqef">־</seg><w lemma="7462 b" n="0.1" morph="HVqj3mp" id="32vCn">יִרְע֔וּ</w>
          <w lemma="c/4325" n="0.0" morph="HC/Ncmsa" id="32jv3">וּ/מַ֖יִם</w>
          <w lemma="408" morph="HTn" id="32ggL">אַל</w><seg type="x-maqqef">־</seg><w lemma="8354" n="0" morph="HVqj3mp" id="32MVq">יִשְׁתּֽוּ</w><seg type="x-sof-pasuq">׃</seg>
        </verse>
        <verse osisID="Jonah.3.8">
          <w lemma="c/3680" morph="HC/Vti3mp" id="32g1y">וְ/יִתְכַּסּ֣וּ</w>
          <w lemma="8242" n="1.1.1" morph="HNcmpa" id="32CBH">שַׂקִּ֗ים</w>
          <w lemma="d/120" n="1.1.0" morph="HTd/Ncmsa" id="323t6">הָֽ/אָדָם֙</w>
          <w lemma="c/d/929" n="1.1" morph="HC/Td/Ncfsa" id="32g33">וְ/הַ/בְּהֵמָ֔ה</w>
          <w lemma="c/7121" morph="HC/Vqi3mp" id="32LDn">וְ/יִקְרְא֥וּ</w>
          <w lemma="413" morph="HR" id="323jG">אֶל</w><seg type="x-maqqef">־</seg><w lemma="430" n="1.0" morph="HNcmpa" id="32WDP">אֱלֹהִ֖ים</w>
          <w lemma="b/2394" n="1" morph="HR/Ncfsa" id="32eeF">בְּ/חָזְקָ֑ה</w>
          <w lemma="c/7725" n="0.1.1" morph="HC/Vqi3mp" id="32idA">וְ/יָשֻׁ֗בוּ</w>
          <w lemma="376" n="0.1.0" morph="HNcmsa" id="32Z4D">אִ֚ישׁ</w>
          <w lemma="m/1870" morph="HR/Ncbsc/Sp3ms" id="32VMC">מִ/דַּרְכּ֣/וֹ</w>
          <w lemma="d/7451 c" n="0.1" morph="HTd/Aafsa" id="32K8W">הָֽ/רָעָ֔ה</w>
          <w lemma="c/4480 a" morph="HC/R" id="326RX">וּ/מִן</w><seg type="x-maqqef">־</seg><w lemma="d/2555" n="0.0" morph="HTd/Ncmsa" id="32bYm">הֶ/חָמָ֖ס</w>
          <w lemma="834 a" morph="HTr" id="32M7H">אֲשֶׁ֥ר</w>
          <w lemma="b/3709" n="0" morph="HR/Ncfdc/Sp3mp" id="32gcK">בְּ/כַפֵּי/הֶֽם</w><seg type="x-sof-pasuq">׃</seg>
        </verse>
        <verse osisID="Jonah.3.9">
          <w lemma="4310" morph="HTi" id="32p7s">מִֽי</w><seg type="x-maqqef">־</seg><w lemma="3045" morph="HVqrmsa" id="32ZBR">יוֹדֵ֣עַ</w>
          <w lemma="7725" n="1.1" morph="HVqi3ms" id="32ACh">יָשׁ֔וּב</w>
          <w lemma="c/5162" n="1.0" morph="HC/VNq3ms" id="32mnL">וְ/נִחַ֖ם</w>
          <w lemma="d/430" n="1" morph="HTd/Ncmpa" id="3289r">הָ/אֱלֹהִ֑ים</w>
          <w lemma="c/7725" n="0.0.0" morph="HC/Vqq3ms" id="32GmF">וְ/שָׁ֛ב</w>
          <w lemma="m/2740" morph="HR/Ncmsc" id="32fcv">מֵ/חֲר֥וֹן</w>
          <w lemma="639" n="0.0" morph="HNcmsc/Sp3ms" id="32knb">אַפּ֖/וֹ</w>
          <w lemma="c/3808" morph="HC/Tn" id="32Qpj">וְ/לֹ֥א</w>
          <w lemma="6" n="0" morph="HVqi1cp" id="32MDS">נֹאבֵֽד</w><seg type="x-sof-pasuq">׃</seg>
        </verse>
        <verse osisID="Jonah.3.10">
          <w lemma="c/7200" morph="HC/Vqw3ms" id="32YBx">וַ/יַּ֤רְא</w>
          <w lemma="d/430" n="1.1.0" morph="HTd/Ncmpa" id="32kMZ">הָֽ/אֱלֹהִים֙</w>
          <w lemma="853" morph="HTo" id="32uqC">אֶֽת</w><seg type="x-maqqef">־</seg><w lemma="4639" n="1.1" morph="HNcmpc/Sp3mp" id="32VY5">מַ֣עֲשֵׂי/הֶ֔ם</w>
          <w lemma="3588 a" morph="HC" id="32WJY">כִּי</w><seg type="x-maqqef">־</seg><w lemma="7725" n="1.0" morph="HVqp3cp" id="32brh">שָׁ֖בוּ</w>
          <w lemma="m/1870" morph="HR/Ncbsc/Sp3mp" id="32w1U">מִ/דַּרְכָּ֣/ם</w>
          <w lemma="d/7451 c" n="1" morph="HTd/Aafsa" id="32aqT">הָ/רָעָ֑ה</w>
          <w lemma="c/5162" morph="HC/VNw3ms" id="32zXi">וַ/יִּנָּ֣חֶם</w>
          <w lemma="d/430" n="0.0.1" morph="HTd/Ncmpa" id="32H8a">הָ/אֱלֹהִ֗ים</w>
          <w lemma="5921 a" morph="HR" id="32Sjh">עַל</w><seg type="x-maqqef">־</seg><w lemma="d/7451 c" n="0.0.0" morph="HTd/Ncfsa" id="32oYp">הָ/רָעָ֛ה</w>
          <w lemma="834 a" morph="HTr" id="32Pht">אֲשֶׁר</w><seg type="x-maqqef">־</seg><w lemma="1696" morph="HVpp3ms" id="32idy">דִּבֶּ֥ר</w>
          <w lemma="l/6213 a" morph="HR/Vqc" id="32PU6">לַ/עֲשׂוֹת</w><seg type="x-maqqef">־</seg><w lemma="l" n="0.0" morph="HR/Sp3mp" id="32FCP">לָ/הֶ֖ם</w>
          <w lemma="c/3808" morph="HC/Tn" id="32YuY">וְ/לֹ֥א</w>
          <w lemma="6213 a" n="0" morph="HVqp3ms" id="328Js">עָשָֽׂה</w><seg type="x-sof-pasuq">׃</seg>
        </verse>
      </chapter>
      <chapter osisID="Jonah.4">
        <verse osisID="Jonah.4.1">
          <w lemma="c/7489 a" morph="HC/Vqw3ms" id="32FyK">וַ/יֵּ֥רַע</w>
          <w lemma="413" morph="HR" id="32XjR">אֶל</w><seg type="x-maqqef">־</seg><w lemma="3124" n="1.0" morph="HNp" id="32jaD">יוֹנָ֖ה</w>
          <w lemma="7451 c" morph="HNcfsa" id="32W7V">רָעָ֣ה</w>
          <w lemma="1419 a" n="1" morph="HAafsa" id="32U2Y">גְדוֹלָ֑ה</w>
          <w lemma="c/2734" n="0.0" morph="HC/Vqw3ms" id="328na">וַ/יִּ֖חַר</w>
          <w lemma="l" n="0" morph="HR/Sp3ms" id="32sgw">לֽ/וֹ</w><seg type="x-sof-pasuq">׃</seg>
        </verse>
        <verse osisID="Jonah.4.2">
          <w lemma="c/6419" morph="HC/Vtw3ms" id="32MDX">וַ/יִּתְפַּלֵּ֨ל</w>
          <w lemma="413" morph="HR" id="32pPp">אֶל</w><seg type="x-maqqef">־</seg><w lemma="3068" n="1.1.3.0" morph="HNp" id="32ieN">יְהוָ֜ה</w>
          <w lemma="c/559" n="1.1.3" morph="HC/Vqw3ms" id="32Csj">וַ/יֹּאמַ֗ר</w>
          <w lemma="577" morph="HTj" id="32rHn">אָנָּ֤ה</w>
          <w lemma="3068" n="1.1.2" morph="HNp" id="32ViB">יְהוָה֙</w>
          <w lemma="i/3808" morph="HTi/Tn" id="32CFo">הֲ/לוֹא</w><seg type="x-maqqef">־</seg><w lemma="2088" morph="HPdxms" id="325Ja">זֶ֣ה</w>
          <w lemma="1697" n="1.1.1" morph="HNcmsc/Sp1cs" id="32UXS">דְבָרִ֗/י</w>
          <w lemma="5704" morph="HR" id="32YQ8">עַד</w><seg type="x-maqqef">־</seg><w lemma="1961" n="1.1.0" morph="HVqc/Sp1cs" id="32Abd">הֱיוֹתִ/י֙</w>
          <w lemma="5921 a" morph="HR" id="322UV">עַל</w><seg type="x-maqqef">־</seg><w lemma="127" n="1.1" morph="HNcfsc/Sp1cs" id="32ZtS">אַדְמָתִ֔/י</w>
          <w lemma="5921 a" morph="HR" id="32gMU">עַל</w><seg type="x-maqqef">־</seg><w lemma="3651 c" morph="HTm" id="32nWb">כֵּ֥ן</w>
          <w lemma="6923" n="1.0" morph="HVpp1cs" id="32GXk">קִדַּ֖מְתִּי</w>
          <w lemma="l/1272" morph="HR/Vqc" id="32TZa">לִ/בְרֹ֣חַ</w>
          <w lemma="8659" n="1" morph="HNp/Sd" id="325qp">תַּרְשִׁ֑ישָׁ/ה</w>
          <w lemma="3588 a" morph="HC" id="32uHZ">כִּ֣י</w>
          <w lemma="3045" n="0.2.1" morph="HVqp1cs" id="32pAL">יָדַ֗עְתִּי</w>
          <w lemma="3588 a" morph="HC" id="32hSr">כִּ֤י</w>
          <w lemma="859 a" n="0.2.0" morph="HPp2ms" id="32ZMk">אַתָּה֙</w>
          <w lemma="410" morph="HNcmsa" id="32irW">אֵֽל</w><seg type="x-maqqef">־</seg><w lemma="2587" morph="HAamsa" id="32x72">חַנּ֣וּן</w>
          <w lemma="c/7349" n="0.2" morph="HC/Aamsa" id="32FYV">וְ/רַח֔וּם</w>
          <w lemma="750" morph="HAamsc" id="32Uoo">אֶ֤רֶךְ</w>
          <w lemma="639" n="0.1.0" morph="HNcmda" id="32sC3">אַפַּ֨יִם֙</w>
          <w lemma="c/7227 a" morph="HC/Aamsc" id="324CS">וְ/רַב</w><seg type="x-maqqef">־</seg><w lemma="2617 a" n="0.1" morph="HNcmsa" id="326n2">חֶ֔סֶד</w>
          <w lemma="c/5162" n="0.0" morph="HC/VNrmsa" id="32HqY">וְ/נִחָ֖ם</w>
          <w lemma="5921 a" morph="HR" id="32BFZ">עַל</w><seg type="x-maqqef">־</seg><w lemma="d/7451 c" n="0" morph="HTd/Ncfsa" id="32shy">הָ/רָעָֽה</w><seg type="x-sof-pasuq">׃</seg>
        </verse>
        <verse osisID="Jonah.4.3">
          <w lemma="c/6258" morph="HC/D" id="32nzj">וְ/עַתָּ֣ה</w>
          <w lemma="3068" n="1.1" morph="HNp" id="32vpT">יְהוָ֔ה</w>
          <w lemma="3947" morph="HVqv2ms" id="323Sx">קַח</w><seg type="x-maqqef">־</seg><w lemma="4994" morph="HTe" id="32qVv">נָ֥א</w>
          <w lemma="853" morph="HTo" id="32Kov">אֶת</w><seg type="x-maqqef">־</seg><w lemma="5315" n="1.0" morph="HNcbsc/Sp1cs" id="32HNy">נַפְשִׁ֖/י</w>
          <w lemma="4480 a" n="1" morph="HR/Sp1cs" id="32Ta6">מִמֶּ֑/נִּי</w>
          <w lemma="3588 a" n="0.0.0" morph="HC" id="32ER2">כִּ֛י</w>
          <w lemma="2896 a" morph="HAamsa" id="32yP1">ט֥וֹב</w>
          <w lemma="4194" n="0.0" morph="HNcmsc/Sp1cs" id="32w4T">מוֹתִ֖/י</w>
          <w lemma="m/2416 e" n="0" morph="HR/Ncmpc/Sp1cs" id="32Cyx">מֵ/חַיָּֽ/י</w><seg type="x-sof-pasuq">׃</seg>
          <seg type="x-samekh">ס</seg>
        </verse>
        <verse osisID="Jonah.4.4">
          <w lemma="c/559" morph="HC/Vqw3ms" id="32qTT">וַ/יֹּ֣אמֶר</w>
          <w lemma="3068" n="0.1" morph="HNp" id="32m55">יְהוָ֔ה</w>
          <w lemma="d/3190" n="0.0" morph="HTi/Vha" id="32AF1">הַ/הֵיטֵ֖ב</w>
          <w lemma="2734" morph="HVqp3ms" id="325ED">חָ֥רָה</w>
          <w lemma="l" n="0" morph="HR/Sp2fs" id="32zCS">לָֽ/ךְ</w><seg type="x-sof-pasuq">׃</seg>
        </verse>
        <verse osisID="Jonah.4.5">
          <w lemma="c/3318" morph="HC/Vqw3ms" id="32LsC">וַ/יֵּצֵ֤א</w>
          <w lemma="3124" n="1.1.0" morph="HNp" id="32B4x">יוֹנָה֙</w>
          <w lemma="4480 a" morph="HR" id="32JB6">מִן</w><seg type="x-maqqef">־</seg><w lemma="d/5892 b" n="1.1" morph="HTd/Ncfsa" id="32LzS">הָ/עִ֔יר</w>
          <w lemma="c/3427" n="1.0" morph="HC/Vqw3ms" id="3283E">וַ/יֵּ֖שֶׁב</w>
          <w lemma="m/6924 a" morph="HR/Ncmsa" id="32hQD">מִ/קֶּ֣דֶם</w>
          <w lemma="l/5892 b" n="1" morph="HRd/Ncfsa" id="32LZD">לָ/עִ֑יר</w>
          <w lemma="c/6213 a" morph="HC/Vqw3ms" id="326bH">וַ/יַּעַשׂ֩</w>
          <w lemma="l" morph="HR/Sp3ms" id="32Ekx">ל֨/וֹ</w>
          <w lemma="8033" n="0.2.1.0" morph="HD" id="32PG7">שָׁ֜ם</w>
          <w lemma="5521" n="0.2.1" morph="HNcfsa" id="32EL8">סֻכָּ֗ה</w>
          <w lemma="c/3427" morph="HC/Vqw3ms" id="32ufm">וַ/יֵּ֤שֶׁב</w>
          <w lemma="8478" n="0.2.0" morph="HR/Sp3fs" id="32XSi">תַּחְתֶּ֨י/הָ֙</w>
          <w lemma="b/6738" n="0.2" morph="HRd/Ncmsa" id="32ELV">בַּ/צֵּ֔ל</w>
          <w lemma="5704" n="0.1.0" morph="HR" id="32Y6w">עַ֚ד</w>
          <w lemma="834 a" morph="HTr" id="32qLR">אֲשֶׁ֣ר</w>
          <w lemma="7200" n="0.1" morph="HVqi3ms" id="32vfq">יִרְאֶ֔ה</w>
          <w lemma="4100" morph="HTi" id="32Qsx">מַה</w><seg type="x-maqqef">־</seg><w lemma="1961" n="0.0" morph="HVqi3ms" id="328KZ">יִּהְיֶ֖ה</w>
          <w lemma="b/5892 b" n="0" morph="HRd/Ncfsa" id="32GXq">בָּ/עִֽיר</w><seg type="x-sof-pasuq">׃</seg>
        </verse>
        <verse osisID="Jonah.4.6">
          <w lemma="c/4487" morph="HC/Vpw3ms" id="32iCi">וַ/יְמַ֣ן</w>
          <w lemma="3068" morph="HNp" id="32vwH">יְהוָֽה</w><seg type="x-maqqef">־</seg><w lemma="430" n="1.1.1.2" morph="HNcmpa" id="32dbM">אֱ֠לֹהִים</w>
          <w lemma="7021" n="1.1.1.1" morph="HNcmsa" id="32Dqb">קִיקָי֞וֹן</w>
          <w lemma="c/5927" n="1.1.1.0" morph="HC/Vqw3ms" id="32kCD">וַ/יַּ֣עַל</w>
          <seg type="x-paseq">׀</seg>
          <w lemma="m/5921 a" morph="HR/R" id="32XgW">מֵ/עַ֣ל</w>
          <w lemma="l/3124" n="1.1.1" morph="HR/Np" id="326PV">לְ/יוֹנָ֗ה</w>
          <w lemma="l/1961" morph="HR/Vqc" id="32qGs">לִֽ/הְי֥וֹת</w>
          <w lemma="6738" n="1.1.0" morph="HNcmsa" id="32w7p">צֵל֙</w>
          <w lemma="5921 a" morph="HR" id="32k7H">עַל</w><seg type="x-maqqef">־</seg><w lemma="7218 a" n="1.1" morph="HNcmsc/Sp3ms" id="32r6F">רֹאשׁ֔/וֹ</w>
          <w lemma="l/5337" morph="HR/Vhc" id="32Ugz">לְ/הַצִּ֥יל</w>
          <w lemma="l" n="1.0" morph="HR/Sp3ms" id="32Mjg">ל֖/וֹ</w>
          <w lemma="m/7451 c" n="1" morph="HR/Ncfsc/Sp3ms" id="32mdR">מֵ/רָֽעָת֑/וֹ</w>
          <w lemma="c/8055" morph="HC/Vqw3ms" id="32eWA">וַ/יִּשְׂמַ֥ח</w>
          <w lemma="3124" n="0.0.0" morph="HNp" id="32CqN">יוֹנָ֛ה</w>
          <w lemma="5921 a" morph="HR" id="32Cpt">עַל</w><seg type="x-maqqef">־</seg><w lemma="d/7021" n="0.0" morph="HTd/Ncmsa" id="32aSi">הַ/קִּֽיקָי֖וֹן</w>
          <w lemma="8057" morph="HNcfsa" id="327VU">שִׂמְחָ֥ה</w>
          <w lemma="1419 a" n="0" morph="HAafsa" id="32eK3">גְדוֹלָֽה</w><seg type="x-sof-pasuq">׃</seg>
        </verse>
        <verse osisID="Jonah.4.7">
          <w lemma="c/4487" morph="HC/Vpw3ms" id="32c63">וַ/יְמַ֤ן</w>
          <w lemma="d/430" n="1.1.0" morph="HTd/Ncmpa" id="32TuL">הָֽ/אֱלֹהִים֙</w>
          <w lemma="8438 b" n="1.1" morph="HNcfsa" id="32emQ">תּוֹלַ֔עַת</w>
          <w lemma="b/5927" morph="HR/Vqc" id="32uf4">בַּ/עֲל֥וֹת</w>
          <w lemma="d/7837" n="1.0" morph="HTd/Ncmsa" id="32jQv">הַ/שַּׁ֖חַר</w>
          <w lemma="l/4283" n="1" morph="HRd/Ncfsa" id="32ME1">לַֽ/מָּחֳרָ֑ת</w>
          <w lemma="c/5221" morph="HC/Vhw3fs" id="32ht4">וַ/תַּ֥ךְ</w>
          <w lemma="853" morph="HTo" id="323Yo">אֶת</w><seg type="x-maqqef">־</seg><w lemma="d/7021" n="0.0" morph="HTd/Ncmsa" id="32pYb">הַ/קִּֽיקָי֖וֹן</w>
          <w lemma="c/3001" n="0" morph="HC/Vqw3ms" id="32g5u">וַ/יִּיבָֽשׁ</w><seg type="x-sof-pasuq">׃</seg>
        </verse>
        <verse osisID="Jonah.4.8">
          <w lemma="c/1961" n="1.1.1.0" morph="HC/Vqw3ms" id="32w6U">וַ/יְהִ֣י</w>
          <seg type="x-paseq">׀</seg>
          <w lemma="k/2224" morph="HR/Vqc" id="32ifL">כִּ/זְרֹ֣חַ</w>
          <w lemma="d/8121" n="1.1.1" morph="HTd/Ncbsa" id="32LZU">הַ/שֶּׁ֗מֶשׁ</w>
          <w lemma="c/4487" morph="HC/Vpw3ms" id="32yHT">וַ/יְמַ֨ן</w>
          <w lemma="430" n="1.1.0.0" morph="HNcmpa" id="329Dq">אֱלֹהִ֜ים</w>
          <w lemma="7307" morph="HNcbsc" id="327Vg">ר֤וּחַ</w>
          <w lemma="6921" n="1.1.0" morph="HNcmsa" id="323LR">קָדִים֙</w>
          <w lemma="2759" n="1.1" morph="HAafsa" id="32vdQ">חֲרִישִׁ֔ית</w>
          <w lemma="c/5221" morph="HC/Vhw3ms" id="32zAa">וַ/תַּ֥ךְ</w>
          <w lemma="d/8121" n="1.0.0" morph="HTd/Ncbsa" id="32HK3">הַ/שֶּׁ֛מֶשׁ</w>
          <w lemma="5921 a" morph="HR" id="32sCi">עַל</w><seg type="x-maqqef">־</seg><w lemma="7218 a" morph="HNcmsc" id="32S3d">רֹ֥אשׁ</w>
          <w lemma="3124" n="1.0" morph="HNp" id="32RFe">יוֹנָ֖ה</w>
          <w lemma="c/5968" n="1" morph="HC/Vtw3ms" id="32PfQ">וַ/יִּתְעַלָּ֑ף</w>
          <w lemma="c/7592" morph="HC/Vqw3ms" id="32AwN">וַ/יִּשְׁאַ֤ל</w>
          <w lemma="853" morph="HTo" id="32khc">אֶת</w><seg type="x-maqqef">־</seg><w lemma="5315" n="0.2.0" morph="HNcbsc/Sp3ms" id="32kYA">נַפְשׁ/וֹ֙</w>
          <w lemma="l/4191" n="0.2" morph="HR/Vqc" id="32u6F">לָ/מ֔וּת</w>
          <w lemma="c/559" n="0.1" morph="HC/Vqw3ms" id="32PYJ">וַ/יֹּ֕אמֶר</w>
          <w lemma="2896 a" morph="HAamsa" id="321Za">ט֥וֹב</w>
          <w lemma="4191" n="0.0" morph="HNcmsc/Sp1cs" id="32gam">מוֹתִ֖/י</w>
          <w lemma="m/2416 e" n="0" morph="HR/Ncmpc/Sp1cs" id="32un5">מֵ/חַיָּֽ/י</w><seg type="x-sof-pasuq">׃</seg>
        </verse>
        <verse osisID="Jonah.4.9">
          <w lemma="c/559" morph="HC/Vqw3ms" id="32WSe">וַ/יֹּ֤אמֶר</w>
          <w lemma="430" n="1.1.0" morph="HNcmpa" id="32AFs">אֱלֹהִים֙</w>
          <w lemma="413" morph="HR" id="32aJe">אֶל</w><seg type="x-maqqef">־</seg><w lemma="3124" n="1.1" morph="HNp" id="32g2t">יוֹנָ֔ה</w>
          <w lemma="d/3190" morph="HTi/Vha" id="328HV">הַ/הֵיטֵ֥ב</w>
          <w lemma="2734" morph="HVqp3ms" id="32j8W">חָרָֽה</w><seg type="x-maqqef">־</seg><w lemma="l" n="1.0" morph="HR/Sp2ms" id="32h73">לְ/ךָ֖</w>
          <w lemma="5921 a" morph="HR" id="329Yh">עַל</w><seg type="x-maqqef">־</seg><w lemma="d/7021" n="1" morph="HTd/Ncmsa" id="32SkM">הַ/קִּֽיקָי֑וֹן</w>
          <w lemma="c/559" n="0.1" morph="HC/Vqw3ms" id="32yXK">וַ/יֹּ֕אמֶר</w>
          <w lemma="3190" morph="HVha" id="32hDf">הֵיטֵ֥ב</w>
          <w lemma="2734" morph="HVqp3ms" id="32PuA">חָֽרָה</w><seg type="x-maqqef">־</seg><w lemma="l" n="0.0" morph="HR/Sp1cs" id="32myi">לִ֖/י</w>
          <w lemma="5704" morph="HR" id="32YLn">עַד</w><seg type="x-maqqef">־</seg><w lemma="4194" n="0" morph="HNcmsa" id="32AXU">מָֽוֶת</w><seg type="x-sof-pasuq">׃</seg>
        </verse>
        <verse osisID="Jonah.4.10">
          <w lemma="c/559" morph="HC/Vqw3ms" id="32reD">וַ/יֹּ֣אמֶר</w>
          <w lemma="3068" n="1.2" morph="HNp" id="32VFM">יְהוָ֔ה</w>
          <w lemma="859 a" morph="HPp2ms" id="32SGf">אַתָּ֥ה</w>
          <w lemma="2347" n="1.1.0" morph="HVqp2ms" id="329jX">חַ֨סְתָּ֙</w>
          <w lemma="5921 a" morph="HR" id="326t4">עַל</w><seg type="x-maqqef">־</seg><w lemma="d/7021" n="1.1" morph="HTd/Ncmsa" id="32Yu7">הַ/קִּ֣יקָי֔וֹן</w>
          <w lemma="834 a" n="1.0.0" morph="HTr" id="32vL9">אֲשֶׁ֛ר</w>
          <w lemma="3808" morph="HTn" id="32G2d">לֹא</w><seg type="x-maqqef">־</seg><w lemma="5998" morph="HVqp2ms" id="32xY3">עָמַ֥לְתָּ</w>
          <w lemma="b" n="1.0" morph="HR/Sp3ms" id="32Zmd">בּ֖/וֹ</w>
          <w lemma="c/3808" morph="HC/Tn" id="32Wyn">וְ/לֹ֣א</w>
          <w lemma="1431" n="1" morph="HVpp2ms/Sp3ms" id="32njg">גִדַּלְתּ֑/וֹ</w>
          <w lemma="s/1121 a" morph="HTr/Ncmsc" id="32L6G">שֶׁ/בִּן</w><seg type="x-maqqef">־</seg><w lemma="3915" morph="HNcmsa" id="32EDP">לַ֥יְלָה</w>
          <w lemma="1961" n="0.0" morph="HVqp3ms" id="32QUP">הָיָ֖ה</w>
          <w lemma="c/1121 a" morph="HC/Ncmsc" id="32fv8">וּ/בִן</w><seg type="x-maqqef">־</seg><w lemma="3915" morph="HNcmsa" id="322SX">לַ֥יְלָה</w>
          <w lemma="6" n="0" morph="HVqp3ms" id="32pwZ">אָבָֽד</w><seg type="x-sof-pasuq">׃</seg>
        </verse>
        <verse osisID="Jonah.4.11">
          <w lemma="c/589" n="1.1.0" morph="HC/Pp1cs" id="32KKJ">וַֽ/אֲנִי֙</w>
          <w lemma="3808" morph="HTn" id="32U9v">לֹ֣א</w>
          <w lemma="2347" n="1.1" morph="HVqi1cs" id="323V4">אָח֔וּס</w>
          <w lemma="5921 a" morph="HR" id="32gJ1">עַל</w><seg type="x-maqqef">־</seg><w lemma="5210" n="1.0" morph="HNp" id="32rWk">נִינְוֵ֖ה</w>
          <w lemma="d/5892 b" morph="HTd/Ncfsa" id="326gQ">הָ/עִ֣יר</w>
          <w lemma="d/1419 a" n="1" morph="HTd/Aafsa" id="32mSF">הַ/גְּדוֹלָ֑ה</w>
          <w lemma="834 a" morph="HTr" id="32awX">אֲשֶׁ֣ר</w>
          <w lemma="3426" morph="HTm" id="32wik">יֶשׁ</w><seg type="x-maqqef">־</seg><w lemma="b" n="0.1.1.1" morph="HR/Sp3fs" id="32CVM">בָּ֡/הּ</w>
          <w lemma="7235 a" morph="HVha" id="32gbT">הַרְבֵּה֩</w>
          <w lemma="m/8147" morph="HR/Acfda" id="32wMq">מִֽ/שְׁתֵּים</w><seg type="x-maqqef">־</seg><w lemma="6240" morph="HAcfsa" id="322GY">עֶשְׂרֵ֨ה</w>
          <w lemma="7239" n="0.1.1.0" morph="HAcbsa" id="32Doj">רִבּ֜וֹ</w>
          <w lemma="120" n="0.1.1" morph="HNcmsa" id="32m3h">אָדָ֗ם</w>
          <w lemma="834 a" morph="HTr" id="32Djb">אֲשֶׁ֤ר</w>
          <w lemma="3808" morph="HTn" id="32F5r">לֹֽא</w><seg type="x-maqqef">־</seg><w lemma="3045" n="0.1.0" morph="HVqp3ms" id="32V4p">יָדַע֙</w>
          <w lemma="996" morph="HR" id="32HsZ">בֵּין</w><seg type="x-maqqef">־</seg><w lemma="3225" morph="HNcfsc/Sp3ms" id="32DgA">יְמִינ֣/וֹ</w>
          <w lemma="l/8040" n="0.1" morph="HR/Ncmsc/Sp3ms" id="32QCa">לִ/שְׂמֹאל֔/וֹ</w>
          <w lemma="c/929" n="0.0" morph="HR/Ncfsa" id="32nps">וּ/בְהֵמָ֖ה</w>
          <w lemma="7227 a" n="0" morph="HAafsa" id="32oA2">רַבָּֽה</w><seg type="x-sof-pasuq">׃</seg>
        </verse>
      </chapter>
    </div>
  </osisText>
</osis>